Student_ID,Name,Gender,Department,Year,CGPA,Attendance_Percentage,Completed_Credits,Extra_Curricular_Activities,Overall_Satisfaction_Score,Faculty_Satisfaction_Score,Course_Content_Satisfaction_Score,Infrastructure_Satisfaction_Score,Comments
ST0001,Student_1,Other,Mathematics,Sophomore,2.75,59.3,82,No,7,6,6,7,Good
ST0002,Student_2,Male,Biotechnology,Senior,3.9,77.1,54,Yes,3,6,8,3,Good
ST0003,Student_3,Male,Mathematics,Senior,3.46,93.6,78,No,7,2,7,3,Poor
ST0004,Student_4,Other,Mathematics,Junior,3.2,86.6,45,Yes,8,10,8,7,Needs Improvement
ST0005,Student_5,Female,Mathematics,Junior,2.31,90.3,86,No,10,6,9,5,Poor
ST0006,Student_6,Male,Business,Freshman,2.31,82.9,78,No,6,4,6,10,Poor
ST0007,Student_7,Male,Mathematics,Senior,2.12,84.6,31,No,10,3,3,6,Needs Improvement
ST0008,Student_8,Male,Biotechnology,Freshman,3.73,92.5,51,No,9,2,10,8,Needs Improvement
ST0009,Student_9,Other,Biotechnology,Senior,3.2,62.5,100,Yes,6,1,3,9,Needs Improvement
ST0010,Student_10,Male,Biotechnology,Sophomore,3.42,74.5,47,No,9,5,1,1,Average
ST0011,Student_11,Other,Mechanical Engineering,Junior,2.04,61.1,47,Yes,4,2,5,3,Poor
ST0012,Student_12,Other,Mathematics,Junior,3.94,99.4,83,Yes,8,2,4,7,Average
ST0013,Student_13,Other,Biotechnology,Freshman,3.66,97.2,44,Yes,4,7,9,6,Excellent
ST0014,Student_14,Male,Mechanical Engineering,Freshman,2.42,52,119,Yes,2,8,9,7,Excellent
ST0015,Student_15,Other,Mathematics,Junior,2.36,85.3,75,No,10,10,5,8,Poor
ST0016,Student_16,Female,Mathematics,Junior,2.37,96.3,96,No,9,8,10,6,Good
ST0017,Student_17,Male,Computer Science,Junior,2.61,59,114,Yes,5,4,4,3,Needs Improvement
ST0018,Student_18,Male,Mathematics,Senior,3.05,78.4,22,Yes,4,1,7,2,Average
ST0019,Student_19,Male,Computer Science,Senior,2.86,95.8,27,No,2,7,6,7,Excellent
ST0020,Student_20,Male,Business,Sophomore,2.58,51.7,106,No,1,1,4,1,Poor
ST0021,Student_21,Male,Business,Senior,3.22,84.9,110,No,7,4,10,3,Good
ST0022,Student_22,Other,Mechanical Engineering,Junior,2.28,64.9,62,Yes,6,8,2,4,Poor
ST0023,Student_23,Other,Computer Science,Senior,2.58,96.2,17,No,2,2,1,1,Good
ST0024,Student_24,Male,Business,Freshman,2.73,98.6,45,No,8,6,4,5,Poor
ST0025,Student_25,Other,Business,Junior,2.91,97.2,120,Yes,4,6,4,10,Needs Improvement
ST0026,Student_26,Male,Business,Senior,3.57,73.7,93,No,8,9,1,3,Needs Improvement
ST0027,Student_27,Other,Mathematics,Junior,2.4,93.1,26,Yes,7,5,6,2,Good
ST0028,Student_28,Other,Computer Science,Freshman,3.03,92.2,99,Yes,5,10,4,3,Poor
ST0029,Student_29,Other,Business,Freshman,3.18,66,120,Yes,10,4,1,8,Needs Improvement
ST0030,Student_30,Other,Computer Science,Senior,2.09,91.4,26,No,10,5,1,6,Poor
ST0031,Student_31,Female,Biotechnology,Junior,3.22,51.9,41,Yes,8,10,1,7,Poor
ST0032,Student_32,Male,Biotechnology,Sophomore,2.34,79.8,28,Yes,9,5,8,6,Needs Improvement
ST0033,Student_33,Female,Mathematics,Freshman,2.13,61.5,101,Yes,5,8,10,6,Excellent
ST0034,Student_34,Other,Biotechnology,Sophomore,3.9,56,51,Yes,10,10,8,3,Excellent
ST0035,Student_35,Female,Mechanical Engineering,Senior,3.93,53.8,116,Yes,5,8,2,8,Poor
ST0036,Student_36,Male,Computer Science,Freshman,3.62,84.8,41,Yes,2,2,7,7,Excellent
ST0037,Student_37,Male,Business,Sophomore,2.61,67,107,No,5,7,8,7,Average
ST0038,Student_38,Other,Mechanical Engineering,Freshman,2.2,86.2,117,Yes,3,8,8,6,Needs Improvement
ST0039,Student_39,Female,Mechanical Engineering,Sophomore,3.37,53.3,96,No,7,6,10,5,Excellent
ST0040,Student_40,Female,Biotechnology,Junior,2.88,65.8,60,Yes,10,5,7,10,Excellent
ST0041,Student_41,Female,Computer Science,Junior,2.24,77,72,Yes,5,9,5,8,Poor
ST0042,Student_42,Male,Business,Senior,2.99,89.5,28,No,8,3,1,5,Good
ST0043,Student_43,Male,Mechanical Engineering,Freshman,2.07,65.9,83,No,1,10,9,9,Excellent
ST0044,Student_44,Female,Mathematics,Sophomore,3.82,81.3,90,Yes,3,4,7,9,Good
ST0045,Student_45,Male,Business,Senior,2.52,94.3,44,Yes,3,9,2,1,Needs Improvement
ST0046,Student_46,Male,Biotechnology,Junior,3.33,80.8,90,No,9,6,6,6,Good
ST0047,Student_47,Female,Computer Science,Junior,2.62,61.6,63,No,5,8,2,7,Excellent
ST0048,Student_48,Male,Mathematics,Senior,3.04,51.2,58,No,9,7,1,3,Average
ST0049,Student_49,Female,Business,Freshman,3.09,93.5,67,No,9,2,7,7,Average
ST0050,Student_50,Female,Business,Sophomore,2.37,51.1,19,No,1,3,2,7,Needs Improvement
ST0051,Student_51,Other,Mechanical Engineering,Junior,3.94,93.7,91,Yes,2,1,2,2,Excellent
ST0052,Student_52,Female,Business,Senior,3.55,76.4,111,No,5,9,5,7,Needs Improvement
ST0053,Student_53,Male,Computer Science,Junior,3.88,97,108,Yes,4,7,5,1,Poor
ST0054,Student_54,Other,Computer Science,Junior,3.79,89.9,21,No,10,1,7,5,Poor
ST0055,Student_55,Female,Business,Sophomore,3.2,99.9,61,Yes,9,3,1,9,Good
ST0056,Student_56,Other,Mechanical Engineering,Freshman,3.84,67.5,75,Yes,7,4,8,7,Needs Improvement
ST0057,Student_57,Male,Mathematics,Freshman,2.18,88.4,105,Yes,6,4,3,7,Average
ST0058,Student_58,Female,Mathematics,Sophomore,2.39,70.1,45,Yes,7,5,4,2,Needs Improvement
ST0059,Student_59,Male,Mechanical Engineering,Senior,2.09,74,98,Yes,1,3,9,8,Good
ST0060,Student_60,Other,Biotechnology,Senior,2.65,81.4,57,No,1,3,4,3,Excellent
ST0061,Student_61,Female,Computer Science,Freshman,2.78,93.7,68,No,8,1,10,8,Needs Improvement
ST0062,Student_62,Other,Biotechnology,Junior,2.54,99.2,72,No,2,7,5,3,Good
ST0063,Student_63,Other,Mechanical Engineering,Junior,3.66,88.4,51,No,10,10,7,10,Poor
ST0064,Student_64,Female,Biotechnology,Senior,2.71,70.9,84,No,9,1,4,7,Average
ST0065,Student_65,Other,Mechanical Engineering,Sophomore,2.56,71.1,10,No,7,2,1,2,Excellent
ST0066,Student_66,Male,Mathematics,Junior,3.09,86.9,109,No,6,4,9,4,Needs Improvement
ST0067,Student_67,Other,Mathematics,Senior,2.28,61.9,118,Yes,1,4,4,6,Needs Improvement
ST0068,Student_68,Male,Biotechnology,Sophomore,3.6,55.5,103,Yes,1,5,9,9,Average
ST0069,Student_69,Male,Biotechnology,Freshman,2.15,67.7,21,No,2,2,6,5,Poor
ST0070,Student_70,Other,Computer Science,Sophomore,3.97,64.4,103,No,6,4,1,9,Needs Improvement
ST0071,Student_71,Male,Mathematics,Freshman,3.54,64.8,68,Yes,6,1,3,5,Average
ST0072,Student_72,Female,Computer Science,Senior,2.4,61.7,91,No,2,2,2,10,Average
ST0073,Student_73,Male,Biotechnology,Sophomore,2.01,52.1,95,Yes,1,1,9,8,Excellent
ST0074,Student_74,Male,Mechanical Engineering,Senior,3.63,50.9,99,No,10,10,1,1,Average
ST0075,Student_75,Male,Mathematics,Freshman,3.41,99.4,55,No,5,10,9,7,Average
ST0076,Student_76,Female,Mechanical Engineering,Junior,3.46,71.4,118,Yes,5,4,9,4,Average
ST0077,Student_77,Female,Computer Science,Junior,3.54,69.2,18,Yes,2,4,8,5,Needs Improvement
ST0078,Student_78,Female,Computer Science,Freshman,2.15,84,111,No,6,7,8,6,Average
ST0079,Student_79,Other,Business,Junior,2.72,60.9,78,No,9,10,1,5,Average
ST0080,Student_80,Female,Mathematics,Junior,2.23,97.5,60,No,2,9,8,1,Average
ST0081,Student_81,Male,Mathematics,Sophomore,3.73,89.3,37,Yes,10,9,10,9,Average
ST0082,Student_82,Female,Computer Science,Sophomore,3.25,54.5,64,No,2,5,3,2,Poor
ST0083,Student_83,Female,Mechanical Engineering,Junior,2.66,70.9,115,No,3,10,7,9,Needs Improvement
ST0084,Student_84,Male,Mathematics,Sophomore,2.13,94,37,No,7,1,1,10,Average
ST0085,Student_85,Other,Computer Science,Freshman,2.62,97.2,73,No,6,1,1,2,Good
ST0086,Student_86,Female,Business,Sophomore,2.65,73.4,44,No,8,6,10,9,Good
ST0087,Student_87,Other,Biotechnology,Sophomore,3.46,80.7,51,Yes,8,2,5,6,Good
ST0088,Student_88,Other,Mathematics,Sophomore,3.28,58.4,116,Yes,6,8,5,9,Excellent
ST0089,Student_89,Other,Biotechnology,Senior,3.77,99.6,46,Yes,10,9,8,6,Poor
ST0090,Student_90,Male,Mechanical Engineering,Freshman,2.94,61.6,53,No,3,4,7,6,Good
ST0091,Student_91,Other,Business,Junior,2.24,97.1,80,No,3,5,8,2,Poor
ST0092,Student_92,Other,Mathematics,Junior,3.43,82.5,83,No,1,8,6,8,Good
ST0093,Student_93,Male,Biotechnology,Senior,3.52,80.4,26,No,7,3,6,3,Excellent
ST0094,Student_94,Other,Biotechnology,Sophomore,3.12,75.6,82,No,5,5,2,7,Needs Improvement
ST0095,Student_95,Other,Computer Science,Freshman,3.54,61.5,119,Yes,4,3,6,5,Poor
ST0096,Student_96,Male,Biotechnology,Freshman,2.99,58.8,72,Yes,10,10,5,3,Needs Improvement
ST0097,Student_97,Male,Mechanical Engineering,Junior,3.05,61,110,No,4,3,3,1,Excellent
ST0098,Student_98,Female,Biotechnology,Senior,2.86,59.3,53,Yes,4,3,6,8,Poor
ST0099,Student_99,Female,Mechanical Engineering,Senior,2.05,89,97,No,6,7,8,3,Needs Improvement
ST0100,Student_100,Female,Mechanical Engineering,Senior,2.22,67.5,107,No,8,7,9,2,Excellent
ST0101,Student_101,Other,Computer Science,Senior,2.06,52.9,16,No,8,7,1,1,Average
ST0102,Student_102,Other,Business,Freshman,3.27,98.5,15,Yes,5,10,3,4,Poor
ST0103,Student_103,Other,Mechanical Engineering,Sophomore,2.63,94.2,22,Yes,6,8,3,8,Needs Improvement
ST0104,Student_104,Male,Biotechnology,Junior,3.02,96.4,90,Yes,4,5,8,3,Excellent
ST0105,Student_105,Other,Biotechnology,Freshman,3.82,99.7,110,No,9,5,1,1,Average
ST0106,Student_106,Female,Mechanical Engineering,Senior,2.5,58.7,117,No,8,4,5,4,Poor
ST0107,Student_107,Male,Biotechnology,Senior,2.82,69.8,68,Yes,10,7,3,9,Average
ST0108,Student_108,Male,Mathematics,Junior,3.51,87.9,12,Yes,10,10,2,1,Good
ST0109,Student_109,Male,Computer Science,Sophomore,2.46,84.8,25,Yes,1,4,8,2,Poor
ST0110,Student_110,Female,Biotechnology,Sophomore,2.15,57.7,119,Yes,2,2,3,9,Excellent
ST0111,Student_111,Female,Computer Science,Sophomore,2.58,90.8,30,Yes,9,4,7,2,Excellent
ST0112,Student_112,Female,Mechanical Engineering,Senior,2.32,61.2,66,Yes,8,8,1,3,Poor
ST0113,Student_113,Male,Mechanical Engineering,Freshman,3.86,61.2,68,Yes,3,9,6,7,Good
ST0114,Student_114,Male,Mechanical Engineering,Freshman,3.62,76.8,10,Yes,8,3,3,3,Poor
ST0115,Student_115,Other,Computer Science,Sophomore,3.27,79.6,64,No,1,7,8,9,Needs Improvement
ST0116,Student_116,Other,Biotechnology,Junior,3.74,79,35,Yes,10,9,6,6,Excellent
ST0117,Student_117,Female,Mathematics,Sophomore,3.61,54.6,98,No,4,4,2,3,Average
ST0118,Student_118,Male,Computer Science,Sophomore,2.37,93.9,26,Yes,3,10,6,9,Excellent
ST0119,Student_119,Other,Mathematics,Junior,3.79,63.3,93,No,6,3,7,1,Good
ST0120,Student_120,Female,Biotechnology,Sophomore,3.08,56.5,48,No,7,5,5,10,Poor
ST0121,Student_121,Female,Biotechnology,Junior,3.61,94.4,30,No,4,1,3,3,Excellent
ST0122,Student_122,Other,Computer Science,Junior,3.79,97.8,45,No,7,3,4,1,Needs Improvement
ST0123,Student_123,Female,Business,Freshman,2.64,93.1,21,Yes,9,8,4,2,Good
ST0124,Student_124,Male,Mathematics,Junior,2.22,90.5,93,Yes,2,8,6,8,Good
ST0125,Student_125,Female,Mechanical Engineering,Sophomore,2.46,82.8,56,Yes,3,4,10,7,Average
ST0126,Student_126,Male,Mathematics,Junior,2.85,77.5,42,No,5,2,1,2,Excellent
ST0127,Student_127,Male,Biotechnology,Sophomore,3.64,54.3,20,No,3,8,4,2,Poor
ST0128,Student_128,Other,Biotechnology,Junior,3.72,70.4,57,No,8,8,10,9,Good
ST0129,Student_129,Other,Computer Science,Freshman,2.01,68.6,95,Yes,10,10,4,6,Needs Improvement
ST0130,Student_130,Other,Business,Sophomore,3.02,63,93,No,8,4,10,5,Needs Improvement
ST0131,Student_131,Female,Mechanical Engineering,Sophomore,2.83,86.2,31,No,8,3,1,10,Poor
ST0132,Student_132,Other,Mathematics,Sophomore,2.44,74.8,16,No,9,2,9,6,Needs Improvement
ST0133,Student_133,Other,Business,Junior,2.24,54.1,60,Yes,4,9,4,9,Average
ST0134,Student_134,Female,Mechanical Engineering,Freshman,2.68,61,90,No,5,1,7,7,Poor
ST0135,Student_135,Other,Biotechnology,Freshman,3.89,84.2,49,Yes,5,7,3,10,Needs Improvement
ST0136,Student_136,Female,Biotechnology,Freshman,2.65,53.8,102,No,8,5,10,10,Average
ST0137,Student_137,Female,Computer Science,Freshman,3.04,92.6,99,Yes,7,8,3,9,Needs Improvement
ST0138,Student_138,Male,Computer Science,Junior,3.41,74.8,106,No,9,4,8,4,Excellent
ST0139,Student_139,Male,Mathematics,Sophomore,2.73,74,39,Yes,8,7,8,2,Poor
ST0140,Student_140,Other,Business,Senior,3.94,79.6,64,Yes,2,5,1,8,Needs Improvement
ST0141,Student_141,Female,Business,Freshman,3.92,91.2,93,Yes,10,5,10,4,Needs Improvement
ST0142,Student_142,Male,Mechanical Engineering,Senior,2.5,67.4,21,Yes,4,9,2,9,Average
ST0143,Student_143,Male,Mathematics,Junior,2.99,83.9,100,Yes,6,9,8,4,Excellent
ST0144,Student_144,Male,Computer Science,Junior,2.6,78.3,22,Yes,2,9,1,8,Excellent
ST0145,Student_145,Male,Mathematics,Senior,2.57,63.4,10,No,7,6,8,9,Average
ST0146,Student_146,Other,Biotechnology,Sophomore,2.07,93.9,37,No,3,6,8,9,Excellent
ST0147,Student_147,Male,Computer Science,Senior,3.22,89.9,71,Yes,3,5,2,10,Needs Improvement
ST0148,Student_148,Other,Business,Junior,3.01,82.9,19,Yes,2,9,4,4,Needs Improvement
ST0149,Student_149,Female,Computer Science,Senior,2.1,92.5,26,No,8,10,6,1,Excellent
ST0150,Student_150,Other,Biotechnology,Freshman,2.56,93.4,85,Yes,6,8,9,3,Needs Improvement
ST0151,Student_151,Male,Computer Science,Freshman,3.82,85.4,38,Yes,1,7,8,9,Excellent
ST0152,Student_152,Female,Business,Sophomore,2.48,91.9,76,Yes,1,7,8,4,Average
ST0153,Student_153,Female,Biotechnology,Senior,2.29,84.9,97,Yes,7,6,7,5,Poor
ST0154,Student_154,Other,Mechanical Engineering,Senior,2.98,84,66,No,8,5,9,7,Average
ST0155,Student_155,Female,Mathematics,Senior,3.97,80.9,11,No,5,4,2,5,Poor
ST0156,Student_156,Other,Mechanical Engineering,Senior,2.48,87.6,11,No,5,3,3,4,Average
ST0157,Student_157,Female,Biotechnology,Sophomore,3.34,57.9,99,No,4,3,10,2,Good
ST0158,Student_158,Other,Biotechnology,Junior,3.52,94,53,No,6,6,8,2,Needs Improvement
ST0159,Student_159,Male,Biotechnology,Sophomore,2.48,93.6,114,No,6,4,6,4,Average
ST0160,Student_160,Other,Business,Junior,3.46,51.5,25,No,3,6,10,10,Poor
ST0161,Student_161,Other,Biotechnology,Junior,2.74,91.3,120,No,9,3,9,10,Excellent
ST0162,Student_162,Male,Mathematics,Junior,3.26,56.4,64,Yes,7,4,10,9,Excellent
ST0163,Student_163,Other,Business,Senior,3.27,66.8,98,No,1,9,4,8,Average
ST0164,Student_164,Other,Biotechnology,Sophomore,3.07,87.2,26,No,7,5,8,3,Average
ST0165,Student_165,Female,Business,Junior,2.18,58,71,No,5,7,10,9,Average
ST0166,Student_166,Other,Mathematics,Freshman,3.67,90.9,19,Yes,5,10,3,5,Excellent
ST0167,Student_167,Female,Mathematics,Junior,2.64,91.6,39,Yes,2,2,3,3,Good
ST0168,Student_168,Male,Business,Sophomore,2.37,75.4,59,No,4,5,8,5,Average
ST0169,Student_169,Female,Computer Science,Senior,2.08,50.3,21,No,6,9,5,10,Excellent
ST0170,Student_170,Female,Mechanical Engineering,Freshman,3.18,64.4,103,No,10,3,3,4,Excellent
ST0171,Student_171,Male,Biotechnology,Junior,3.36,80.8,113,Yes,7,9,10,8,Average
ST0172,Student_172,Female,Mechanical Engineering,Senior,2.03,99.1,23,No,5,6,1,5,Poor
ST0173,Student_173,Male,Mathematics,Sophomore,3.02,81.6,23,Yes,9,4,3,10,Poor
ST0174,Student_174,Other,Mechanical Engineering,Sophomore,2.45,63,50,No,3,7,9,8,Needs Improvement
ST0175,Student_175,Other,Computer Science,Freshman,3.29,81.7,57,No,1,8,5,9,Excellent
ST0176,Student_176,Female,Mechanical Engineering,Freshman,2.35,77,48,No,4,6,10,4,Needs Improvement
ST0177,Student_177,Other,Mechanical Engineering,Junior,3.38,89,27,No,9,5,2,7,Needs Improvement
ST0178,Student_178,Male,Mathematics,Senior,2.77,55.3,58,No,4,6,7,2,Poor
ST0179,Student_179,Other,Mathematics,Senior,3.87,88.1,109,No,2,5,2,6,Poor
ST0180,Student_180,Male,Biotechnology,Sophomore,2.28,77.1,114,Yes,10,8,4,8,Good
ST0181,Student_181,Other,Business,Sophomore,2.68,98.1,106,Yes,5,1,7,7,Excellent
ST0182,Student_182,Female,Biotechnology,Junior,2.23,67.1,27,Yes,3,7,4,7,Good
ST0183,Student_183,Other,Mathematics,Junior,3.85,81.6,92,Yes,9,10,7,8,Average
ST0184,Student_184,Other,Biotechnology,Sophomore,3.75,96.6,96,No,4,10,7,7,Good
ST0185,Student_185,Other,Mechanical Engineering,Sophomore,2.52,55.1,28,No,6,2,1,5,Average
ST0186,Student_186,Male,Mechanical Engineering,Senior,3.32,96.9,18,Yes,2,9,6,7,Needs Improvement
ST0187,Student_187,Male,Mathematics,Senior,3.63,84.4,77,Yes,6,1,9,10,Excellent
ST0188,Student_188,Female,Mathematics,Senior,3.11,53.4,82,No,3,10,2,3,Good
ST0189,Student_189,Male,Biotechnology,Junior,3.06,65,11,No,9,6,3,5,Excellent
ST0190,Student_190,Other,Biotechnology,Senior,2.48,85.4,88,No,2,9,10,7,Needs Improvement
ST0191,Student_191,Other,Mechanical Engineering,Freshman,2.19,53.4,93,No,9,1,5,9,Needs Improvement
ST0192,Student_192,Male,Business,Freshman,3.79,79.1,31,No,5,4,9,2,Needs Improvement
ST0193,Student_193,Other,Business,Senior,3.8,67.3,66,No,8,4,4,4,Needs Improvement
ST0194,Student_194,Female,Mathematics,Senior,3.27,81,54,Yes,2,9,1,7,Poor
ST0195,Student_195,Female,Biotechnology,Sophomore,2.68,52.3,102,Yes,6,5,4,1,Poor
ST0196,Student_196,Male,Business,Sophomore,2.7,93.6,37,No,3,5,6,2,Needs Improvement
ST0197,Student_197,Male,Biotechnology,Junior,3.45,98.7,90,Yes,10,6,5,9,Needs Improvement
ST0198,Student_198,Female,Computer Science,Freshman,3.79,98.4,105,No,5,1,1,10,Good
ST0199,Student_199,Female,Mechanical Engineering,Freshman,3.77,87.5,29,No,8,1,4,7,Excellent
ST0200,Student_200,Male,Biotechnology,Junior,3.56,56.5,62,No,10,9,6,10,Good
ST0201,Student_201,Male,Biotechnology,Senior,3.28,87.9,88,Yes,1,3,10,7,Needs Improvement
ST0202,Student_202,Male,Biotechnology,Senior,2.17,51.2,97,Yes,5,4,10,6,Poor
ST0203,Student_203,Other,Business,Junior,2.32,51.1,66,No,3,1,4,3,Average
ST0204,Student_204,Male,Biotechnology,Freshman,3.8,66.2,120,Yes,4,9,9,10,Poor
ST0205,Student_205,Male,Computer Science,Freshman,3.21,74.4,37,No,2,8,5,3,Poor
ST0206,Student_206,Other,Business,Senior,2.02,88.5,21,Yes,9,2,8,2,Poor
ST0207,Student_207,Female,Mathematics,Sophomore,2.2,84.2,22,No,3,8,9,6,Average
ST0208,Student_208,Male,Mathematics,Junior,3.33,72.3,27,Yes,2,7,10,4,Needs Improvement
ST0209,Student_209,Other,Mechanical Engineering,Junior,2.01,63.7,106,No,10,6,5,5,Needs Improvement
ST0210,Student_210,Male,Computer Science,Senior,2.32,99.9,25,Yes,9,1,6,3,Needs Improvement
ST0211,Student_211,Male,Biotechnology,Junior,3.1,71.3,85,Yes,7,7,1,6,Poor
ST0212,Student_212,Other,Computer Science,Freshman,3.38,72.6,103,No,6,10,7,3,Excellent
ST0213,Student_213,Female,Mathematics,Senior,3.3,58.2,59,Yes,1,7,4,8,Excellent
ST0214,Student_214,Other,Biotechnology,Freshman,2.45,89.7,54,No,5,9,2,9,Good
ST0215,Student_215,Male,Computer Science,Sophomore,3.42,84.7,64,No,3,1,5,4,Excellent
ST0216,Student_216,Female,Business,Junior,2.47,61,50,No,1,2,3,9,Poor
ST0217,Student_217,Other,Biotechnology,Junior,2.65,54.1,111,No,4,9,6,7,Needs Improvement
ST0218,Student_218,Other,Business,Freshman,3.49,84,27,No,2,9,8,3,Excellent
ST0219,Student_219,Female,Computer Science,Senior,3.3,82.7,41,No,2,6,7,7,Average
ST0220,Student_220,Male,Biotechnology,Senior,3.7,63.7,45,No,3,6,3,1,Average
ST0221,Student_221,Other,Mechanical Engineering,Junior,3.32,97.5,92,Yes,8,4,8,3,Needs Improvement
ST0222,Student_222,Other,Mechanical Engineering,Freshman,3.14,57.6,20,No,8,4,2,6,Excellent
ST0223,Student_223,Other,Mathematics,Sophomore,2.19,71.6,41,Yes,7,5,10,4,Poor
ST0224,Student_224,Male,Biotechnology,Freshman,2.74,97.2,80,Yes,6,3,9,7,Poor
ST0225,Student_225,Other,Computer Science,Senior,2.53,71,86,No,9,1,4,3,Excellent
ST0226,Student_226,Female,Mechanical Engineering,Junior,2.49,81.9,86,Yes,4,1,1,1,Good
ST0227,Student_227,Female,Mathematics,Junior,3.95,69.9,102,Yes,1,7,8,9,Good
ST0228,Student_228,Other,Biotechnology,Junior,2.79,63.7,87,No,8,1,7,6,Average
ST0229,Student_229,Other,Mechanical Engineering,Sophomore,3.78,99.2,46,No,7,1,5,8,Needs Improvement
ST0230,Student_230,Female,Biotechnology,Sophomore,3.26,70.5,109,No,7,3,10,3,Average
ST0231,Student_231,Female,Mathematics,Senior,3.59,94.7,98,Yes,3,10,5,8,Needs Improvement
ST0232,Student_232,Other,Computer Science,Freshman,3.01,61.5,13,Yes,4,4,7,2,Needs Improvement
ST0233,Student_233,Female,Mathematics,Freshman,3.15,60.7,118,Yes,10,4,5,4,Needs Improvement
ST0234,Student_234,Male,Computer Science,Freshman,2.99,51.6,118,Yes,9,2,8,3,Needs Improvement
ST0235,Student_235,Male,Business,Sophomore,2.39,82.6,94,No,6,1,6,10,Poor
ST0236,Student_236,Male,Mechanical Engineering,Junior,3.44,68.4,48,No,5,3,5,1,Excellent
ST0237,Student_237,Male,Business,Senior,2.56,93.2,36,No,3,4,9,7,Needs Improvement
ST0238,Student_238,Female,Computer Science,Senior,2.05,73.7,76,Yes,9,3,2,10,Excellent
ST0239,Student_239,Male,Biotechnology,Sophomore,3.29,98.4,87,No,5,8,1,2,Needs Improvement
ST0240,Student_240,Other,Computer Science,Sophomore,2.35,59.3,75,Yes,5,10,8,4,Poor
ST0241,Student_241,Other,Computer Science,Junior,3.88,93.4,34,Yes,4,1,3,9,Poor
ST0242,Student_242,Male,Biotechnology,Junior,3.91,88.8,105,No,4,2,7,6,Excellent
ST0243,Student_243,Other,Business,Sophomore,3.83,88.5,60,No,1,7,10,8,Excellent
ST0244,Student_244,Male,Mechanical Engineering,Senior,2.74,92.2,47,Yes,7,4,8,2,Average
ST0245,Student_245,Male,Computer Science,Junior,2.03,88.1,92,No,9,8,6,7,Average
ST0246,Student_246,Male,Computer Science,Junior,3.86,81.3,16,Yes,3,3,10,6,Good
ST0247,Student_247,Other,Mechanical Engineering,Senior,2.86,56.6,110,Yes,2,6,9,9,Average
ST0248,Student_248,Other,Computer Science,Junior,3.93,51.6,111,No,3,9,7,7,Average
ST0249,Student_249,Male,Mechanical Engineering,Senior,3.93,96,40,No,1,1,10,1,Needs Improvement
ST0250,Student_250,Male,Mechanical Engineering,Freshman,3.71,80.8,73,Yes,6,1,5,8,Good
ST0251,Student_251,Male,Mechanical Engineering,Junior,2.59,89.8,59,Yes,7,8,8,10,Average
ST0252,Student_252,Male,Biotechnology,Junior,2.77,74.1,24,Yes,2,3,2,3,Average
ST0253,Student_253,Female,Business,Freshman,3.7,55.9,40,No,8,5,7,2,Excellent
ST0254,Student_254,Male,Business,Senior,2.63,56.3,73,Yes,6,1,4,3,Good
ST0255,Student_255,Other,Mathematics,Junior,2.34,84.3,91,Yes,4,5,9,6,Good
ST0256,Student_256,Male,Biotechnology,Freshman,3.11,71.5,86,No,5,6,1,3,Good
ST0257,Student_257,Female,Mathematics,Senior,3.87,60,19,No,8,8,7,10,Excellent
ST0258,Student_258,Other,Business,Junior,3.39,74.6,77,No,3,3,6,5,Poor
ST0259,Student_259,Female,Business,Sophomore,3.14,53.2,11,No,3,3,8,6,Good
ST0260,Student_260,Male,Business,Freshman,2.19,79.1,56,No,4,10,5,8,Good
ST0261,Student_261,Other,Computer Science,Senior,3.23,63.4,50,No,1,9,1,7,Excellent
ST0262,Student_262,Male,Mathematics,Sophomore,3.98,89.9,26,Yes,9,4,1,8,Poor
ST0263,Student_263,Other,Biotechnology,Senior,2.28,65.5,59,Yes,8,4,9,3,Good
ST0264,Student_264,Other,Mathematics,Sophomore,3.04,72.8,120,Yes,8,7,10,4,Good
ST0265,Student_265,Other,Business,Sophomore,3.75,50.6,117,No,10,2,6,6,Needs Improvement
ST0266,Student_266,Female,Biotechnology,Freshman,3.48,53.6,82,Yes,6,8,10,7,Poor
ST0267,Student_267,Male,Mathematics,Freshman,3.39,69.6,63,No,7,6,5,9,Average
ST0268,Student_268,Female,Business,Sophomore,3.4,74,56,Yes,6,3,1,1,Good
ST0269,Student_269,Female,Business,Freshman,2.72,80,79,Yes,9,9,6,8,Excellent
ST0270,Student_270,Male,Biotechnology,Senior,2.59,64.6,97,Yes,3,5,6,8,Needs Improvement
ST0271,Student_271,Male,Mechanical Engineering,Junior,3.62,84.7,32,Yes,3,8,3,6,Average
ST0272,Student_272,Male,Biotechnology,Senior,3.62,93,107,Yes,3,7,8,4,Average
ST0273,Student_273,Other,Mechanical Engineering,Sophomore,3.73,89,70,No,10,8,1,3,Needs Improvement
ST0274,Student_274,Female,Computer Science,Senior,3.83,52,108,No,3,7,1,3,Excellent
ST0275,Student_275,Female,Biotechnology,Sophomore,3.02,74,19,Yes,9,3,6,6,Average
ST0276,Student_276,Female,Mechanical Engineering,Senior,3,55.2,12,Yes,4,2,10,8,Average
ST0277,Student_277,Female,Mathematics,Senior,3.6,62.1,85,No,7,7,1,7,Poor
ST0278,Student_278,Female,Business,Freshman,3.3,99.3,18,No,9,3,6,1,Average
ST0279,Student_279,Other,Computer Science,Sophomore,3.4,57.1,11,Yes,7,3,1,6,Good
ST0280,Student_280,Male,Biotechnology,Sophomore,3.59,74.9,43,Yes,9,2,6,7,Good
ST0281,Student_281,Other,Mechanical Engineering,Junior,3.78,80.9,37,Yes,3,4,3,7,Needs Improvement
ST0282,Student_282,Other,Mathematics,Senior,2.68,85.1,15,No,4,8,8,9,Needs Improvement
ST0283,Student_283,Other,Mechanical Engineering,Senior,2.75,78,17,No,8,1,6,10,Excellent
ST0284,Student_284,Male,Biotechnology,Junior,2.19,50.5,111,No,6,1,1,5,Excellent
ST0285,Student_285,Male,Mechanical Engineering,Sophomore,3.16,66.3,60,No,5,5,5,1,Poor
ST0286,Student_286,Female,Biotechnology,Senior,2.07,75.9,74,No,4,5,8,2,Needs Improvement
ST0287,Student_287,Other,Mechanical Engineering,Junior,2.93,54.4,46,Yes,8,1,3,4,Poor
ST0288,Student_288,Female,Business,Junior,3.09,67.5,90,No,1,6,6,5,Excellent
ST0289,Student_289,Male,Biotechnology,Junior,2.57,51.7,101,No,9,1,5,9,Average
ST0290,Student_290,Male,Biotechnology,Senior,3.18,53.9,74,No,1,5,6,1,Poor
ST0291,Student_291,Male,Computer Science,Sophomore,2.06,69.8,108,Yes,8,9,10,3,Average
ST0292,Student_292,Male,Business,Sophomore,2.07,56.6,63,Yes,4,5,1,5,Poor
ST0293,Student_293,Other,Biotechnology,Junior,3.65,78.4,64,No,9,6,7,3,Poor
ST0294,Student_294,Female,Mathematics,Junior,2.72,84.5,99,Yes,5,8,9,4,Excellent
ST0295,Student_295,Male,Mechanical Engineering,Sophomore,2.25,90,61,Yes,3,1,2,3,Poor
ST0296,Student_296,Female,Mathematics,Junior,3.04,60,20,Yes,9,2,10,4,Excellent
ST0297,Student_297,Male,Mechanical Engineering,Junior,3.54,58.4,91,Yes,9,9,5,1,Poor
ST0298,Student_298,Female,Mechanical Engineering,Sophomore,2.43,55.2,78,Yes,4,3,10,8,Poor
ST0299,Student_299,Female,Computer Science,Senior,3.25,81.8,78,Yes,4,6,4,4,Needs Improvement
ST0300,Student_300,Male,Biotechnology,Junior,2.17,85.3,88,Yes,8,5,6,7,Needs Improvement
ST0301,Student_301,Male,Mechanical Engineering,Senior,2.1,51.6,29,Yes,2,2,6,2,Excellent
ST0302,Student_302,Female,Computer Science,Junior,3.06,96.8,45,No,9,7,2,2,Poor
ST0303,Student_303,Other,Mathematics,Junior,3.08,52.6,20,Yes,6,4,2,6,Average
ST0304,Student_304,Male,Computer Science,Junior,3.27,77.1,49,No,9,1,4,2,Good
ST0305,Student_305,Male,Mathematics,Freshman,3.45,85.5,20,No,8,4,1,6,Excellent
ST0306,Student_306,Other,Biotechnology,Senior,3.95,93.5,75,Yes,7,6,9,2,Needs Improvement
ST0307,Student_307,Other,Mechanical Engineering,Senior,3.03,85.7,36,Yes,1,7,7,4,Needs Improvement
ST0308,Student_308,Male,Business,Junior,2.65,90.1,113,Yes,3,7,7,7,Excellent
ST0309,Student_309,Male,Mathematics,Sophomore,3.59,67,29,Yes,2,7,3,8,Needs Improvement
ST0310,Student_310,Male,Mechanical Engineering,Junior,2.54,90.7,78,Yes,5,3,3,3,Average
ST0311,Student_311,Male,Business,Freshman,2.88,54,51,Yes,5,6,1,9,Needs Improvement
ST0312,Student_312,Female,Business,Junior,2.16,94.7,60,No,5,8,3,2,Good
ST0313,Student_313,Female,Mathematics,Freshman,2.05,77.4,85,No,4,4,3,8,Good
ST0314,Student_314,Female,Mechanical Engineering,Junior,3.93,90.9,91,No,5,8,4,8,Poor
ST0315,Student_315,Male,Business,Senior,3.67,72.6,107,Yes,3,2,4,4,Average
ST0316,Student_316,Female,Computer Science,Junior,3.39,82.2,116,No,1,10,3,1,Needs Improvement
ST0317,Student_317,Male,Computer Science,Senior,2.82,76.3,93,No,5,9,10,1,Needs Improvement
ST0318,Student_318,Male,Mechanical Engineering,Sophomore,2.35,86.6,97,Yes,9,9,8,2,Excellent
ST0319,Student_319,Female,Biotechnology,Sophomore,2.31,54.1,92,Yes,9,8,8,9,Poor
ST0320,Student_320,Male,Computer Science,Junior,2.5,53,18,Yes,4,10,1,2,Good
ST0321,Student_321,Female,Mathematics,Junior,3.1,62.4,49,No,3,10,7,2,Excellent
ST0322,Student_322,Female,Mechanical Engineering,Sophomore,3.43,58,99,No,1,1,2,6,Excellent
ST0323,Student_323,Female,Business,Freshman,3.32,93.6,65,Yes,2,2,1,7,Needs Improvement
ST0324,Student_324,Female,Computer Science,Sophomore,2.56,61,103,No,8,6,3,7,Good
ST0325,Student_325,Female,Mechanical Engineering,Sophomore,3.91,98.8,118,Yes,1,10,4,9,Excellent
ST0326,Student_326,Other,Mechanical Engineering,Freshman,3.48,66.8,40,No,8,5,6,6,Needs Improvement
ST0327,Student_327,Other,Biotechnology,Sophomore,3.11,59.1,17,Yes,7,9,10,8,Poor
ST0328,Student_328,Other,Business,Sophomore,3.22,89.5,41,Yes,8,5,5,6,Average
ST0329,Student_329,Other,Business,Freshman,2.84,82.9,21,No,6,2,4,2,Good
ST0330,Student_330,Other,Business,Freshman,2.5,74.9,65,Yes,9,10,8,1,Poor
ST0331,Student_331,Female,Mathematics,Senior,2.71,77.8,24,Yes,3,4,4,5,Needs Improvement
ST0332,Student_332,Male,Mechanical Engineering,Junior,3.52,86,68,No,10,9,10,9,Average
ST0333,Student_333,Male,Mathematics,Senior,2.03,61.4,88,Yes,4,1,2,8,Excellent
ST0334,Student_334,Female,Mathematics,Freshman,2.23,99.8,87,Yes,6,1,3,4,Poor
ST0335,Student_335,Male,Mechanical Engineering,Sophomore,2.09,98.7,17,No,8,7,6,5,Excellent
ST0336,Student_336,Male,Business,Freshman,2.08,82.5,49,Yes,5,3,8,5,Excellent
ST0337,Student_337,Other,Mechanical Engineering,Sophomore,3.71,60,95,No,3,10,8,6,Average
ST0338,Student_338,Other,Biotechnology,Senior,3.41,84,104,No,6,2,9,3,Average
ST0339,Student_339,Other,Mechanical Engineering,Senior,2.95,53.6,94,No,4,9,7,5,Excellent
ST0340,Student_340,Male,Mechanical Engineering,Senior,2.2,51.5,104,Yes,9,3,2,2,Excellent
ST0341,Student_341,Other,Computer Science,Sophomore,2.98,62.9,32,Yes,3,2,8,10,Average
ST0342,Student_342,Female,Biotechnology,Junior,2.95,73.1,25,No,4,8,7,1,Needs Improvement
ST0343,Student_343,Male,Computer Science,Junior,2.35,93.4,11,Yes,7,10,8,1,Good
ST0344,Student_344,Male,Business,Junior,2.87,86.4,100,No,7,6,3,10,Excellent
ST0345,Student_345,Other,Business,Freshman,2.8,87.1,27,No,4,6,7,7,Average
ST0346,Student_346,Female,Biotechnology,Freshman,3.23,71.3,99,Yes,6,10,10,2,Poor
ST0347,Student_347,Other,Mathematics,Sophomore,3.27,67.3,11,Yes,3,7,9,4,Poor
ST0348,Student_348,Other,Mechanical Engineering,Freshman,2.09,68.6,30,Yes,6,7,3,5,Needs Improvement
ST0349,Student_349,Male,Computer Science,Sophomore,2.75,99.4,73,Yes,2,6,10,7,Needs Improvement
ST0350,Student_350,Male,Biotechnology,Senior,3.25,52,54,Yes,8,4,6,2,Poor
ST0351,Student_351,Other,Computer Science,Sophomore,3.01,93.4,76,No,2,9,2,6,Needs Improvement
ST0352,Student_352,Male,Mechanical Engineering,Freshman,3.71,78.9,76,Yes,7,6,2,1,Excellent
ST0353,Student_353,Male,Mathematics,Senior,3.32,71.9,110,Yes,9,4,5,7,Average
ST0354,Student_354,Male,Computer Science,Senior,2.33,86.3,115,Yes,1,3,5,9,Good
ST0355,Student_355,Other,Biotechnology,Sophomore,2.14,74.3,102,Yes,8,4,7,5,Average
ST0356,Student_356,Male,Mechanical Engineering,Junior,3.28,93.7,43,No,7,3,2,5,Average
ST0357,Student_357,Other,Mechanical Engineering,Freshman,2.05,95,31,Yes,6,2,7,4,Needs Improvement
ST0358,Student_358,Male,Mathematics,Freshman,3.17,71.1,57,No,6,5,5,3,Good
ST0359,Student_359,Female,Biotechnology,Junior,3.88,63.8,26,No,6,2,6,9,Excellent
ST0360,Student_360,Male,Mechanical Engineering,Freshman,3.15,79.6,105,No,9,6,8,5,Poor
ST0361,Student_361,Other,Computer Science,Junior,2.78,95.6,109,No,2,3,10,8,Excellent
ST0362,Student_362,Male,Business,Junior,3.29,60.5,44,Yes,1,6,4,9,Needs Improvement
ST0363,Student_363,Other,Biotechnology,Senior,2.92,81.1,103,Yes,6,10,7,5,Poor
ST0364,Student_364,Other,Computer Science,Senior,3.09,81.6,25,Yes,10,9,6,10,Excellent
ST0365,Student_365,Male,Mathematics,Sophomore,3.88,86.7,108,Yes,8,1,10,9,Average
ST0366,Student_366,Other,Mathematics,Senior,2.77,56.6,13,No,3,6,2,2,Needs Improvement
ST0367,Student_367,Male,Mechanical Engineering,Junior,3.92,85.8,52,No,10,9,8,9,Good
ST0368,Student_368,Female,Mathematics,Sophomore,3.81,95.5,113,No,1,4,10,4,Average
ST0369,Student_369,Other,Business,Freshman,2.39,59,64,No,9,2,9,6,Good
ST0370,Student_370,Other,Computer Science,Junior,2.14,61.9,44,Yes,1,4,5,6,Poor
ST0371,Student_371,Other,Biotechnology,Sophomore,2.2,98.6,77,Yes,3,1,10,6,Good
ST0372,Student_372,Other,Mechanical Engineering,Senior,2.04,59,18,Yes,8,3,4,2,Average
ST0373,Student_373,Female,Biotechnology,Junior,2.19,92.7,43,Yes,3,10,6,7,Good
ST0374,Student_374,Female,Computer Science,Sophomore,3.37,74.6,101,Yes,4,9,8,6,Needs Improvement
ST0375,Student_375,Male,Business,Freshman,2.14,62.4,83,Yes,8,10,3,1,Needs Improvement
ST0376,Student_376,Other,Computer Science,Junior,2.64,93.5,90,No,1,5,10,2,Average
ST0377,Student_377,Other,Computer Science,Junior,3.69,72.3,19,No,6,6,1,7,Excellent
ST0378,Student_378,Female,Mechanical Engineering,Sophomore,2.05,75.7,73,No,1,3,4,1,Good
ST0379,Student_379,Male,Biotechnology,Sophomore,3.63,68,68,No,1,5,4,1,Average
ST0380,Student_380,Female,Computer Science,Senior,2.56,79.6,75,Yes,8,8,1,1,Good
ST0381,Student_381,Female,Computer Science,Senior,2.24,58.2,56,No,4,6,9,8,Average
ST0382,Student_382,Male,Business,Junior,3.39,69.6,17,No,1,4,3,4,Good
ST0383,Student_383,Other,Mathematics,Freshman,3.26,98.5,73,Yes,10,2,5,4,Excellent
ST0384,Student_384,Other,Business,Senior,3.75,62.9,119,Yes,7,9,6,2,Average
ST0385,Student_385,Female,Biotechnology,Freshman,3.47,82.8,82,No,5,1,8,1,Needs Improvement
ST0386,Student_386,Female,Biotechnology,Sophomore,3.61,66.3,31,No,5,1,6,10,Excellent
ST0387,Student_387,Female,Mechanical Engineering,Sophomore,2.56,88.7,57,No,1,4,3,9,Needs Improvement
ST0388,Student_388,Male,Mathematics,Senior,2.35,56.5,30,No,10,7,6,7,Excellent
ST0389,Student_389,Male,Biotechnology,Junior,3.5,98.5,42,No,6,1,1,4,Needs Improvement
ST0390,Student_390,Female,Mathematics,Sophomore,3.61,72.7,108,No,9,9,4,6,Excellent
ST0391,Student_391,Other,Business,Freshman,3.98,61.8,23,No,9,4,6,2,Good
ST0392,Student_392,Other,Biotechnology,Junior,2.83,53.7,83,Yes,8,3,7,7,Needs Improvement
ST0393,Student_393,Male,Computer Science,Senior,2.74,58.5,96,Yes,5,1,10,2,Good
ST0394,Student_394,Male,Biotechnology,Sophomore,3.55,76,102,Yes,1,10,3,10,Average
ST0395,Student_395,Other,Mathematics,Senior,2.68,66.9,24,Yes,9,4,9,8,Good
ST0396,Student_396,Male,Biotechnology,Junior,3.86,91.4,39,Yes,1,9,7,8,Needs Improvement
ST0397,Student_397,Other,Mechanical Engineering,Junior,3.72,71.5,104,Yes,8,10,1,1,Excellent
ST0398,Student_398,Female,Computer Science,Junior,2.86,62.4,75,No,5,6,2,8,Good
ST0399,Student_399,Male,Mechanical Engineering,Freshman,3.5,80.9,10,No,3,6,1,2,Poor
ST0400,Student_400,Female,Business,Junior,3.51,85.3,15,No,7,1,9,6,Excellent
ST0401,Student_401,Male,Biotechnology,Junior,2.21,58.4,119,Yes,7,10,9,1,Average
ST0402,Student_402,Male,Biotechnology,Sophomore,3.81,58.4,120,No,9,2,7,5,Average
ST0403,Student_403,Female,Business,Freshman,3.01,51.8,11,No,7,6,10,7,Needs Improvement
ST0404,Student_404,Female,Mechanical Engineering,Freshman,3.65,86.8,41,Yes,3,2,3,10,Excellent
ST0405,Student_405,Male,Computer Science,Senior,2.64,83.2,15,Yes,1,3,5,1,Good
ST0406,Student_406,Female,Mechanical Engineering,Junior,3.79,73.7,70,No,8,4,4,2,Good
ST0407,Student_407,Other,Mathematics,Sophomore,2.78,92.2,56,No,3,5,7,7,Average
ST0408,Student_408,Other,Mechanical Engineering,Senior,2.02,90.3,59,Yes,8,9,9,6,Excellent
ST0409,Student_409,Female,Computer Science,Junior,3.81,79.3,29,No,8,4,2,3,Excellent
ST0410,Student_410,Other,Biotechnology,Freshman,2.18,93.4,32,No,5,9,8,10,Average
ST0411,Student_411,Other,Mechanical Engineering,Junior,2.64,60.3,119,Yes,1,10,9,2,Good
ST0412,Student_412,Other,Business,Junior,3.9,55.6,14,Yes,10,3,10,10,Average
ST0413,Student_413,Male,Computer Science,Sophomore,3.9,63.5,80,No,7,8,10,4,Excellent
ST0414,Student_414,Other,Biotechnology,Sophomore,3.15,52.9,112,No,10,1,9,3,Good
ST0415,Student_415,Other,Computer Science,Sophomore,3.26,76.6,101,Yes,5,9,10,7,Poor
ST0416,Student_416,Female,Business,Senior,2.9,96.8,104,Yes,8,9,7,8,Average
ST0417,Student_417,Other,Mathematics,Sophomore,2.59,52,93,No,9,10,9,2,Excellent
ST0418,Student_418,Male,Computer Science,Senior,2.66,56.1,63,Yes,7,2,9,10,Excellent
ST0419,Student_419,Male,Computer Science,Junior,3.35,72.6,38,No,7,4,3,7,Needs Improvement
ST0420,Student_420,Female,Mechanical Engineering,Senior,3.5,96.7,51,Yes,1,8,4,8,Needs Improvement
ST0421,Student_421,Male,Business,Senior,3.58,65.8,41,No,4,7,2,6,Average
ST0422,Student_422,Male,Business,Sophomore,3.58,75.4,63,No,2,1,10,6,Good
ST0423,Student_423,Other,Mathematics,Sophomore,2.18,52.1,102,No,2,5,3,10,Poor
ST0424,Student_424,Other,Business,Freshman,2.99,57.4,50,Yes,2,7,5,1,Poor
ST0425,Student_425,Male,Computer Science,Senior,2.12,99.3,44,Yes,4,4,5,4,Good
ST0426,Student_426,Female,Mathematics,Junior,3.1,98.3,115,Yes,1,1,6,1,Needs Improvement
ST0427,Student_427,Female,Business,Freshman,2.88,50.2,19,Yes,4,9,7,4,Excellent
ST0428,Student_428,Other,Mathematics,Freshman,3.78,97.6,83,No,2,5,7,2,Needs Improvement
ST0429,Student_429,Male,Business,Freshman,2.7,82,57,No,5,2,1,5,Average
ST0430,Student_430,Other,Business,Sophomore,2.23,93.4,25,Yes,3,8,2,10,Needs Improvement
ST0431,Student_431,Female,Mechanical Engineering,Sophomore,2.29,72.7,74,Yes,8,2,9,9,Good
ST0432,Student_432,Male,Business,Sophomore,3.52,75.8,96,No,4,3,10,10,Average
ST0433,Student_433,Other,Mathematics,Junior,3.24,74.4,16,No,1,10,2,3,Good
ST0434,Student_434,Other,Computer Science,Senior,2.2,83.3,32,Yes,1,1,6,8,Average
ST0435,Student_435,Female,Mechanical Engineering,Freshman,2.17,57,38,No,10,2,1,3,Excellent
ST0436,Student_436,Other,Business,Sophomore,3.4,51.5,112,No,3,7,3,6,Needs Improvement
ST0437,Student_437,Female,Business,Senior,2.15,65.4,76,Yes,9,10,2,4,Good
ST0438,Student_438,Female,Mathematics,Freshman,3.64,85.2,15,Yes,7,2,3,8,Average
ST0439,Student_439,Male,Mechanical Engineering,Senior,3.41,60.1,61,No,2,6,5,6,Needs Improvement
ST0440,Student_440,Male,Business,Freshman,2.16,83.7,18,No,9,3,10,8,Poor
ST0441,Student_441,Other,Computer Science,Senior,2.17,98.5,69,Yes,10,4,6,1,Good
ST0442,Student_442,Female,Computer Science,Sophomore,3.97,54.7,120,Yes,2,8,9,6,Excellent
ST0443,Student_443,Female,Business,Senior,2.75,83.6,46,No,3,3,10,1,Average
ST0444,Student_444,Male,Computer Science,Senior,2.74,72.2,109,No,10,10,4,1,Good
ST0445,Student_445,Male,Mechanical Engineering,Freshman,3.63,93.4,118,No,2,6,7,8,Good
ST0446,Student_446,Female,Business,Senior,3.89,58.9,49,Yes,3,1,6,7,Poor
ST0447,Student_447,Male,Mathematics,Junior,3.97,84.6,51,No,6,7,2,3,Excellent
ST0448,Student_448,Other,Mechanical Engineering,Freshman,3.51,91.9,21,No,9,8,10,6,Poor
ST0449,Student_449,Female,Computer Science,Senior,2.75,97.2,80,No,9,8,8,9,Average
ST0450,Student_450,Male,Business,Junior,2.17,84.2,68,Yes,7,3,7,7,Needs Improvement
ST0451,Student_451,Other,Mechanical Engineering,Freshman,3.55,74.9,11,No,3,10,7,3,Good
ST0452,Student_452,Female,Computer Science,Sophomore,3.12,80.9,57,Yes,4,1,8,6,Average
ST0453,Student_453,Other,Business,Freshman,2.85,93.4,35,Yes,6,9,1,4,Average
ST0454,Student_454,Other,Biotechnology,Freshman,3.81,78.5,47,No,5,6,1,3,Excellent
ST0455,Student_455,Female,Mathematics,Senior,2.22,51.5,82,No,2,9,8,9,Good
ST0456,Student_456,Other,Computer Science,Junior,2.99,96.5,110,Yes,6,7,4,10,Poor
ST0457,Student_457,Male,Computer Science,Freshman,2.02,84.5,48,Yes,3,1,5,2,Needs Improvement
ST0458,Student_458,Male,Biotechnology,Freshman,2.94,83.8,104,Yes,8,1,8,1,Good
ST0459,Student_459,Male,Biotechnology,Freshman,2.11,60.8,89,No,2,6,5,2,Good
ST0460,Student_460,Other,Mechanical Engineering,Senior,2.24,82.9,41,Yes,1,5,10,7,Needs Improvement
ST0461,Student_461,Male,Mathematics,Freshman,2.24,69.7,69,No,9,9,4,10,Average
ST0462,Student_462,Other,Mathematics,Junior,3.3,82.6,57,No,3,2,6,1,Poor
ST0463,Student_463,Male,Computer Science,Senior,3.49,55.3,85,No,1,8,5,6,Good
ST0464,Student_464,Female,Biotechnology,Sophomore,3.17,82.9,73,Yes,7,5,7,7,Average
ST0465,Student_465,Other,Mathematics,Sophomore,3.92,100,108,Yes,10,2,10,9,Excellent
ST0466,Student_466,Other,Business,Senior,2.75,52.4,109,No,5,10,7,8,Average
ST0467,Student_467,Male,Mathematics,Junior,2.57,98.9,35,No,5,6,4,6,Needs Improvement
ST0468,Student_468,Female,Computer Science,Senior,3.74,70.3,103,No,1,10,5,3,Poor
ST0469,Student_469,Male,Mathematics,Senior,2.45,93.5,79,No,9,8,3,8,Needs Improvement
ST0470,Student_470,Male,Mechanical Engineering,Senior,3.93,89.1,107,No,7,4,4,7,Excellent
ST0471,Student_471,Female,Biotechnology,Senior,2.02,78.4,111,Yes,8,2,4,3,Average
ST0472,Student_472,Female,Computer Science,Freshman,3.94,86.9,41,Yes,9,5,3,9,Good
ST0473,Student_473,Male,Computer Science,Sophomore,2.09,93.9,29,Yes,6,2,10,2,Excellent
ST0474,Student_474,Female,Biotechnology,Junior,3.78,70.2,10,Yes,5,2,5,3,Needs Improvement
ST0475,Student_475,Male,Biotechnology,Freshman,3.06,66.4,62,No,6,6,5,2,Average
ST0476,Student_476,Other,Biotechnology,Sophomore,3.99,83.4,13,No,2,10,7,1,Needs Improvement
ST0477,Student_477,Male,Computer Science,Senior,2.15,90.4,39,No,4,9,4,4,Good
ST0478,Student_478,Other,Biotechnology,Sophomore,3.11,88.1,79,No,3,4,4,5,Excellent
ST0479,Student_479,Male,Biotechnology,Sophomore,3.94,89.9,54,Yes,7,6,9,6,Excellent
ST0480,Student_480,Female,Computer Science,Freshman,3.05,71.8,91,Yes,9,7,6,5,Poor
ST0481,Student_481,Other,Computer Science,Freshman,3.26,90.9,117,Yes,5,6,4,1,Needs Improvement
ST0482,Student_482,Female,Mechanical Engineering,Junior,3.39,56,98,No,6,8,2,3,Poor
ST0483,Student_483,Other,Mathematics,Senior,2.91,77.2,11,Yes,10,4,6,1,Excellent
ST0484,Student_484,Other,Business,Senior,3.26,50.3,52,No,2,1,2,5,Average
ST0485,Student_485,Male,Computer Science,Senior,3.17,66.2,10,Yes,3,7,5,5,Poor
ST0486,Student_486,Male,Business,Sophomore,3.8,68.3,107,No,3,3,6,6,Average
ST0487,Student_487,Male,Mechanical Engineering,Sophomore,2.09,69.8,94,Yes,9,6,4,8,Poor
ST0488,Student_488,Male,Mathematics,Senior,2.56,84.8,58,Yes,7,2,3,10,Needs Improvement
ST0489,Student_489,Female,Mathematics,Junior,3.9,69.4,118,Yes,8,9,7,1,Needs Improvement
ST0490,Student_490,Male,Mathematics,Sophomore,3.78,72.4,104,No,10,1,2,4,Excellent
ST0491,Student_491,Male,Mechanical Engineering,Junior,2.91,61.9,103,Yes,9,6,6,10,Needs Improvement
ST0492,Student_492,Other,Biotechnology,Sophomore,3.24,68.7,49,No,6,6,4,1,Poor
ST0493,Student_493,Female,Mathematics,Freshman,2.55,61.4,23,Yes,4,5,6,9,Poor
ST0494,Student_494,Female,Mathematics,Freshman,2.38,53.7,36,No,1,5,4,7,Average
ST0495,Student_495,Other,Mechanical Engineering,Senior,2.93,80.2,77,Yes,8,1,4,7,Good
ST0496,Student_496,Other,Biotechnology,Freshman,2.71,83.4,40,No,7,10,4,5,Poor
ST0497,Student_497,Male,Mathematics,Sophomore,3.17,81,63,Yes,2,5,9,7,Average
ST0498,Student_498,Female,Mathematics,Sophomore,2.16,73.2,72,Yes,8,2,7,2,Excellent
ST0499,Student_499,Male,Biotechnology,Freshman,3.95,69,17,No,5,7,3,4,Needs Improvement
ST0500,Student_500,Other,Computer Science,Freshman,3.97,93.2,28,No,7,3,3,7,Needs Improvement
ST0501,Student_501,Male,Computer Science,Freshman,3.4,76,101,Yes,4,4,6,3,Poor
ST0502,Student_502,Female,Mathematics,Senior,3.07,74,45,No,5,3,6,2,Needs Improvement
ST0503,Student_503,Male,Business,Freshman,2.62,51.3,21,Yes,8,3,4,10,Excellent
ST0504,Student_504,Female,Biotechnology,Sophomore,3.63,67.1,15,Yes,1,4,9,2,Good
ST0505,Student_505,Male,Biotechnology,Freshman,3.37,69,39,No,1,5,4,1,Poor
ST0506,Student_506,Male,Business,Senior,2.33,69.9,118,No,4,1,9,5,Excellent
ST0507,Student_507,Female,Biotechnology,Senior,3.82,79,76,Yes,3,4,4,6,Average
ST0508,Student_508,Female,Mechanical Engineering,Sophomore,3.65,76.7,62,Yes,10,8,2,6,Good
ST0509,Student_509,Female,Biotechnology,Sophomore,3.9,80.4,99,Yes,2,10,2,9,Poor
ST0510,Student_510,Male,Biotechnology,Freshman,3.45,88.2,57,Yes,3,7,5,4,Needs Improvement
ST0511,Student_511,Male,Biotechnology,Sophomore,3.23,90.6,68,No,1,9,4,1,Poor
ST0512,Student_512,Male,Computer Science,Junior,2.84,85.9,105,No,1,5,7,6,Average
ST0513,Student_513,Other,Mechanical Engineering,Sophomore,3.87,97.8,20,No,6,10,5,5,Needs Improvement
ST0514,Student_514,Male,Biotechnology,Junior,3.73,50.9,84,No,5,4,6,10,Good
ST0515,Student_515,Female,Mechanical Engineering,Junior,2.09,59.8,22,Yes,8,8,10,6,Poor
ST0516,Student_516,Female,Mechanical Engineering,Sophomore,2.05,50.4,74,No,2,9,4,3,Excellent
ST0517,Student_517,Female,Mechanical Engineering,Junior,2.75,82.4,27,No,4,7,2,2,Average
ST0518,Student_518,Male,Business,Sophomore,3.62,94.9,91,No,8,7,10,6,Poor
ST0519,Student_519,Female,Biotechnology,Sophomore,3.97,62.2,114,No,6,5,9,1,Excellent
ST0520,Student_520,Female,Computer Science,Senior,2.3,96.4,60,No,1,4,10,7,Poor
ST0521,Student_521,Other,Computer Science,Junior,3.19,53,19,Yes,4,10,7,7,Average
ST0522,Student_522,Other,Computer Science,Junior,2.76,96.7,85,Yes,1,1,4,10,Poor
ST0523,Student_523,Female,Computer Science,Freshman,3.94,67.6,82,No,2,10,3,7,Needs Improvement
ST0524,Student_524,Other,Biotechnology,Sophomore,3.68,55.1,17,No,5,10,10,10,Needs Improvement
ST0525,Student_525,Other,Computer Science,Senior,3.68,74.3,65,No,8,7,3,1,Excellent
ST0526,Student_526,Female,Mechanical Engineering,Senior,2.94,62.8,94,Yes,8,1,9,4,Needs Improvement
ST0527,Student_527,Male,Business,Freshman,2.83,64.2,26,Yes,3,1,5,7,Good
ST0528,Student_528,Male,Mathematics,Junior,2.55,65.4,40,Yes,4,5,3,9,Good
ST0529,Student_529,Female,Computer Science,Senior,2.11,90.2,47,No,10,9,5,5,Poor
ST0530,Student_530,Male,Mathematics,Junior,3.73,77,43,No,6,6,2,2,Good
ST0531,Student_531,Other,Mathematics,Senior,3.63,65.6,118,Yes,10,3,4,7,Good
ST0532,Student_532,Female,Mathematics,Senior,4,80.5,50,Yes,3,3,10,10,Average
ST0533,Student_533,Male,Mechanical Engineering,Sophomore,3.99,85.8,112,No,2,7,2,1,Average
ST0534,Student_534,Male,Computer Science,Junior,3.11,63.6,60,Yes,6,6,2,7,Good
ST0535,Student_535,Other,Biotechnology,Senior,3.54,70.7,99,No,5,9,8,6,Average
ST0536,Student_536,Female,Mechanical Engineering,Sophomore,3.89,56.1,116,No,10,6,1,7,Good
ST0537,Student_537,Female,Biotechnology,Senior,3.7,59.1,104,No,5,5,7,10,Excellent
ST0538,Student_538,Other,Computer Science,Sophomore,2.49,84.1,51,No,10,10,5,3,Average
ST0539,Student_539,Female,Mechanical Engineering,Sophomore,2.9,59.1,50,No,5,7,8,3,Good
ST0540,Student_540,Female,Mathematics,Junior,2.26,76.3,67,Yes,10,1,1,7,Good
ST0541,Student_541,Other,Mechanical Engineering,Sophomore,3.91,85.5,44,Yes,5,7,7,2,Poor
ST0542,Student_542,Other,Mechanical Engineering,Senior,3.21,55.3,39,Yes,3,3,5,1,Excellent
ST0543,Student_543,Male,Computer Science,Freshman,2.46,78.4,19,No,7,9,4,9,Excellent
ST0544,Student_544,Female,Mathematics,Senior,3.34,62.8,35,Yes,6,6,7,9,Poor
ST0545,Student_545,Other,Mathematics,Senior,3.24,98.1,27,Yes,4,9,10,7,Poor
ST0546,Student_546,Male,Business,Sophomore,2.72,74.2,109,Yes,2,5,2,7,Poor
ST0547,Student_547,Female,Business,Senior,2.23,90.3,108,Yes,9,7,1,3,Needs Improvement
ST0548,Student_548,Male,Biotechnology,Sophomore,3.34,77.5,84,No,1,4,1,10,Good
ST0549,Student_549,Other,Business,Junior,3.04,52.2,23,Yes,4,7,1,2,Needs Improvement
ST0550,Student_550,Female,Computer Science,Sophomore,3.54,81.7,29,No,1,1,5,7,Average
ST0551,Student_551,Male,Mechanical Engineering,Junior,3.04,97.6,23,No,6,7,10,9,Poor
ST0552,Student_552,Other,Mathematics,Freshman,3.7,80.1,31,Yes,4,8,7,1,Good
ST0553,Student_553,Other,Mechanical Engineering,Senior,3.1,91,67,Yes,5,5,2,4,Good
ST0554,Student_554,Other,Computer Science,Junior,3.12,94.2,69,No,5,2,10,6,Average
ST0555,Student_555,Other,Mechanical Engineering,Freshman,3.75,61.4,50,Yes,9,5,8,7,Excellent
ST0556,Student_556,Other,Mathematics,Sophomore,2.81,60.6,62,Yes,1,6,4,10,Good
ST0557,Student_557,Other,Business,Freshman,2.27,80.5,25,No,2,2,3,7,Excellent
ST0558,Student_558,Other,Biotechnology,Junior,2.06,70.6,78,No,6,6,10,10,Good
ST0559,Student_559,Male,Mathematics,Senior,3.51,92,55,Yes,5,6,8,2,Needs Improvement
ST0560,Student_560,Female,Mathematics,Freshman,3.24,95,108,Yes,7,1,2,4,Poor
ST0561,Student_561,Female,Mathematics,Freshman,3.41,67.7,36,No,3,1,3,5,Excellent
ST0562,Student_562,Male,Mathematics,Sophomore,2.43,61.8,67,Yes,3,10,3,1,Needs Improvement
ST0563,Student_563,Other,Computer Science,Sophomore,2.27,89,49,No,10,3,10,1,Good
ST0564,Student_564,Female,Mathematics,Senior,2.03,63.7,69,Yes,2,10,1,10,Poor
ST0565,Student_565,Other,Mechanical Engineering,Sophomore,2.7,91.1,43,No,3,10,6,3,Needs Improvement
ST0566,Student_566,Female,Computer Science,Junior,3.18,71.2,119,No,10,3,2,10,Poor
ST0567,Student_567,Other,Business,Junior,2.78,83.4,25,No,1,4,1,3,Good
ST0568,Student_568,Male,Mechanical Engineering,Freshman,2.87,54.8,21,No,5,2,2,8,Good
ST0569,Student_569,Other,Mechanical Engineering,Sophomore,3.81,81.2,30,Yes,5,9,6,9,Needs Improvement
ST0570,Student_570,Female,Mechanical Engineering,Sophomore,2.7,72.6,113,Yes,7,10,4,1,Good
ST0571,Student_571,Other,Mechanical Engineering,Freshman,3.03,79.3,97,No,4,7,6,2,Average
ST0572,Student_572,Female,Computer Science,Senior,3.57,58.4,48,Yes,3,7,9,10,Poor
ST0573,Student_573,Other,Business,Sophomore,2.79,86.8,115,No,1,6,10,2,Good
ST0574,Student_574,Female,Business,Sophomore,3.24,93.1,100,Yes,8,3,10,4,Good
ST0575,Student_575,Female,Mathematics,Senior,3.72,60.8,99,No,3,6,8,2,Average
ST0576,Student_576,Female,Biotechnology,Sophomore,3.9,54.8,87,Yes,2,8,1,7,Poor
ST0577,Student_577,Other,Computer Science,Junior,2.29,51.2,15,Yes,4,8,8,9,Excellent
ST0578,Student_578,Female,Business,Junior,3.85,82.1,37,No,3,9,9,7,Average
ST0579,Student_579,Other,Computer Science,Senior,2.98,80.4,116,No,1,1,6,6,Average
ST0580,Student_580,Male,Computer Science,Senior,2.52,77.3,119,Yes,3,1,10,10,Poor
ST0581,Student_581,Male,Mathematics,Junior,2.92,61.6,51,Yes,2,3,5,1,Average
ST0582,Student_582,Female,Business,Junior,3.96,69.5,28,Yes,8,3,6,10,Poor
ST0583,Student_583,Other,Biotechnology,Junior,2.99,79.7,21,Yes,6,10,6,9,Average
ST0584,Student_584,Female,Biotechnology,Junior,2.66,74.8,101,Yes,9,8,9,5,Poor
ST0585,Student_585,Other,Biotechnology,Senior,3.27,99.4,41,No,8,10,4,5,Poor
ST0586,Student_586,Other,Mechanical Engineering,Senior,2.48,56.8,55,Yes,10,1,2,6,Excellent
ST0587,Student_587,Male,Business,Freshman,2.15,84.8,60,No,3,2,9,9,Good
ST0588,Student_588,Other,Mechanical Engineering,Senior,2.26,70.2,75,No,5,2,2,8,Poor
ST0589,Student_589,Other,Mechanical Engineering,Junior,2.26,71.4,16,No,7,3,10,8,Needs Improvement
ST0590,Student_590,Female,Mechanical Engineering,Sophomore,2.3,85.9,96,Yes,5,6,9,8,Excellent
ST0591,Student_591,Female,Mathematics,Junior,2.28,84.6,48,Yes,8,1,2,1,Excellent
ST0592,Student_592,Other,Mathematics,Junior,3.28,99.6,43,No,5,2,8,1,Good
ST0593,Student_593,Male,Computer Science,Senior,2.36,56.4,114,Yes,1,1,9,8,Average
ST0594,Student_594,Female,Computer Science,Freshman,2.69,55.2,32,No,5,5,10,5,Average
ST0595,Student_595,Female,Business,Sophomore,3.79,86.2,13,No,4,7,9,9,Poor
ST0596,Student_596,Male,Business,Sophomore,2.95,78.9,61,Yes,6,8,10,2,Excellent
ST0597,Student_597,Female,Mathematics,Freshman,3.34,63.7,119,Yes,3,10,9,9,Poor
ST0598,Student_598,Other,Computer Science,Junior,2.34,54,67,Yes,5,1,2,8,Needs Improvement
ST0599,Student_599,Other,Computer Science,Senior,2.38,54.3,81,No,2,7,4,9,Average
ST0600,Student_600,Other,Mechanical Engineering,Junior,2.08,94.7,105,Yes,6,5,7,4,Poor
ST0601,Student_601,Female,Biotechnology,Sophomore,2.34,59.6,80,No,6,10,2,1,Poor
ST0602,Student_602,Female,Biotechnology,Sophomore,2.56,66.2,41,No,5,1,1,1,Excellent
ST0603,Student_603,Female,Biotechnology,Junior,2.35,61.3,22,No,6,3,3,5,Needs Improvement
ST0604,Student_604,Female,Mathematics,Sophomore,2.18,67.7,69,Yes,7,7,4,2,Needs Improvement
ST0605,Student_605,Other,Biotechnology,Senior,2.24,53.5,23,No,5,10,8,8,Poor
ST0606,Student_606,Male,Biotechnology,Sophomore,2.92,76,112,Yes,1,1,6,10,Needs Improvement
ST0607,Student_607,Other,Mechanical Engineering,Senior,2.41,53.4,111,Yes,8,7,2,5,Needs Improvement
ST0608,Student_608,Female,Business,Junior,2.73,90,27,Yes,4,5,9,5,Excellent
ST0609,Student_609,Other,Mathematics,Junior,3.01,61.7,25,Yes,9,1,2,2,Excellent
ST0610,Student_610,Male,Computer Science,Senior,3.38,77,11,No,10,1,5,7,Needs Improvement
ST0611,Student_611,Other,Mechanical Engineering,Senior,2.08,94,17,No,6,1,4,8,Poor
ST0612,Student_612,Male,Biotechnology,Senior,3.6,82.5,116,Yes,1,9,7,10,Average
ST0613,Student_613,Female,Computer Science,Sophomore,3.26,76.6,109,No,3,3,8,1,Poor
ST0614,Student_614,Other,Mechanical Engineering,Junior,2.16,66.2,38,Yes,3,5,5,2,Poor
ST0615,Student_615,Other,Mathematics,Sophomore,3.75,66.7,26,Yes,10,10,10,10,Average
ST0616,Student_616,Other,Biotechnology,Sophomore,3.84,83.5,35,No,4,9,5,4,Excellent
ST0617,Student_617,Other,Mathematics,Senior,2.12,99.7,115,No,6,6,2,5,Poor
ST0618,Student_618,Female,Mechanical Engineering,Sophomore,2.55,83.1,61,No,7,9,8,2,Needs Improvement
ST0619,Student_619,Male,Computer Science,Freshman,3.61,77.9,57,No,10,8,2,1,Needs Improvement
ST0620,Student_620,Male,Business,Freshman,3.5,86.5,97,Yes,4,8,10,9,Excellent
ST0621,Student_621,Other,Biotechnology,Freshman,2.37,73.3,90,No,6,1,6,1,Excellent
ST0622,Student_622,Female,Mathematics,Freshman,2.42,53,92,Yes,1,9,8,4,Excellent
ST0623,Student_623,Male,Computer Science,Freshman,2.74,78.1,20,Yes,8,6,6,2,Good
ST0624,Student_624,Male,Computer Science,Senior,2.97,97.9,84,No,7,9,4,4,Good
ST0625,Student_625,Male,Business,Sophomore,3.24,58.8,85,No,9,3,4,8,Needs Improvement
ST0626,Student_626,Male,Mechanical Engineering,Sophomore,2.74,84.5,43,Yes,3,3,6,8,Poor
ST0627,Student_627,Male,Business,Freshman,2.93,60,114,Yes,2,6,4,9,Good
ST0628,Student_628,Male,Business,Sophomore,3.49,76.8,19,Yes,1,9,8,5,Poor
ST0629,Student_629,Female,Mechanical Engineering,Freshman,2.07,54.8,12,No,3,7,9,7,Average
ST0630,Student_630,Other,Mechanical Engineering,Sophomore,2.5,72.5,18,No,5,3,1,3,Needs Improvement
ST0631,Student_631,Male,Mechanical Engineering,Senior,3.43,87.8,35,Yes,2,3,4,10,Good
ST0632,Student_632,Female,Computer Science,Junior,3.79,67.4,92,No,3,2,4,4,Needs Improvement
ST0633,Student_633,Female,Computer Science,Freshman,3.02,83.2,66,No,4,9,2,10,Average
ST0634,Student_634,Other,Biotechnology,Senior,3.06,89.8,113,No,7,3,6,9,Average
ST0635,Student_635,Other,Biotechnology,Senior,2.21,96.4,26,Yes,3,5,3,10,Needs Improvement
ST0636,Student_636,Male,Business,Freshman,2.89,61.7,21,No,9,9,7,10,Good
ST0637,Student_637,Other,Business,Freshman,3.07,70,118,No,8,8,5,1,Needs Improvement
ST0638,Student_638,Other,Biotechnology,Senior,2.48,57.6,116,No,4,2,4,2,Poor
ST0639,Student_639,Female,Mathematics,Freshman,2.54,99.6,113,Yes,1,3,5,5,Poor
ST0640,Student_640,Female,Business,Freshman,2.75,96.4,52,No,1,2,8,3,Poor
ST0641,Student_641,Female,Mathematics,Junior,2.04,77,25,Yes,1,8,3,2,Poor
ST0642,Student_642,Male,Mathematics,Junior,2.64,92.1,15,No,1,6,7,1,Poor
ST0643,Student_643,Male,Mechanical Engineering,Freshman,2.42,76,69,Yes,8,6,6,10,Average
ST0644,Student_644,Other,Computer Science,Senior,2.65,81.2,16,Yes,3,9,1,3,Good
ST0645,Student_645,Other,Biotechnology,Sophomore,2.24,54.5,31,Yes,6,8,7,1,Good
ST0646,Student_646,Male,Computer Science,Freshman,3.78,87.8,83,Yes,3,4,7,1,Excellent
ST0647,Student_647,Male,Biotechnology,Freshman,3.19,56.4,65,Yes,5,4,1,1,Needs Improvement
ST0648,Student_648,Female,Computer Science,Sophomore,3.36,91.3,115,Yes,7,9,9,8,Average
ST0649,Student_649,Male,Biotechnology,Sophomore,3.58,89.1,102,Yes,2,1,6,3,Average
ST0650,Student_650,Male,Computer Science,Sophomore,3,85.4,60,No,6,2,2,1,Needs Improvement
ST0651,Student_651,Other,Mechanical Engineering,Junior,2.17,51.8,73,Yes,6,2,5,7,Needs Improvement
ST0652,Student_652,Other,Mathematics,Junior,3.07,65.2,13,Yes,3,6,4,10,Poor
ST0653,Student_653,Female,Biotechnology,Junior,3.17,63.2,58,No,6,4,7,3,Average
ST0654,Student_654,Male,Mathematics,Senior,3.49,68,97,Yes,10,10,8,8,Average
ST0655,Student_655,Other,Biotechnology,Freshman,2.86,54.4,64,Yes,10,3,1,4,Needs Improvement
ST0656,Student_656,Male,Biotechnology,Junior,2.26,96.8,32,Yes,5,3,5,4,Needs Improvement
ST0657,Student_657,Male,Mechanical Engineering,Senior,2.57,77.7,55,No,2,3,3,5,Good
ST0658,Student_658,Female,Computer Science,Senior,2.73,65.3,37,No,9,6,1,6,Poor
ST0659,Student_659,Male,Biotechnology,Sophomore,3.29,69.8,33,Yes,8,8,3,7,Excellent
ST0660,Student_660,Female,Computer Science,Sophomore,3.14,72.4,45,Yes,3,7,6,4,Poor
ST0661,Student_661,Other,Mechanical Engineering,Junior,2.71,80,45,Yes,8,4,7,8,Average
ST0662,Student_662,Other,Business,Freshman,3.97,75.8,67,Yes,9,4,8,6,Good
ST0663,Student_663,Other,Mathematics,Freshman,3.21,96,29,Yes,3,10,4,1,Needs Improvement
ST0664,Student_664,Other,Biotechnology,Freshman,2.47,74.8,14,No,3,2,3,1,Excellent
ST0665,Student_665,Female,Mechanical Engineering,Senior,2.2,99.6,88,Yes,2,1,5,9,Average
ST0666,Student_666,Female,Computer Science,Senior,2.31,92.6,89,Yes,8,9,9,10,Excellent
ST0667,Student_667,Other,Biotechnology,Senior,2.49,60.4,88,No,10,2,6,6,Poor
ST0668,Student_668,Other,Computer Science,Senior,2.32,96.5,41,No,1,8,9,10,Good
ST0669,Student_669,Other,Business,Freshman,2.37,55.8,92,No,8,9,6,8,Poor
ST0670,Student_670,Female,Biotechnology,Freshman,2.57,90.9,47,No,7,4,2,7,Needs Improvement
ST0671,Student_671,Other,Mathematics,Sophomore,2.35,69,73,No,7,8,5,6,Good
ST0672,Student_672,Female,Biotechnology,Freshman,3.79,93.9,62,No,3,9,9,4,Poor
ST0673,Student_673,Male,Mathematics,Senior,2.16,93.4,80,No,1,10,8,7,Excellent
ST0674,Student_674,Other,Computer Science,Senior,3.05,90.3,71,Yes,4,10,7,9,Good
ST0675,Student_675,Female,Biotechnology,Junior,2.82,89.5,17,No,9,5,1,10,Good
ST0676,Student_676,Female,Mechanical Engineering,Freshman,3.96,65.2,21,Yes,5,7,4,10,Needs Improvement
ST0677,Student_677,Female,Mechanical Engineering,Freshman,2.22,54,45,Yes,1,10,7,7,Needs Improvement
ST0678,Student_678,Male,Business,Sophomore,2.8,70.1,59,Yes,5,4,7,1,Excellent
ST0679,Student_679,Other,Mechanical Engineering,Sophomore,3.94,58.7,27,Yes,8,1,6,10,Excellent
ST0680,Student_680,Female,Business,Senior,3.73,84.7,63,Yes,8,3,8,9,Good
ST0681,Student_681,Other,Computer Science,Junior,3.63,67.3,35,No,5,5,6,4,Average
ST0682,Student_682,Female,Mathematics,Freshman,2.52,98.8,92,Yes,9,3,10,3,Poor
ST0683,Student_683,Other,Computer Science,Freshman,2.34,82,112,No,1,7,3,4,Good
ST0684,Student_684,Male,Mathematics,Junior,3.34,91.1,77,No,4,9,4,4,Excellent
ST0685,Student_685,Female,Mathematics,Freshman,3.86,56.6,41,Yes,3,6,3,10,Good
ST0686,Student_686,Female,Business,Sophomore,3.11,93.1,90,No,2,10,1,2,Needs Improvement
ST0687,Student_687,Male,Mechanical Engineering,Junior,3.14,96.1,112,No,8,1,10,1,Poor
ST0688,Student_688,Other,Mechanical Engineering,Freshman,2.56,74.4,79,No,7,7,5,10,Good
ST0689,Student_689,Female,Business,Sophomore,3.54,80.3,111,No,9,3,1,1,Needs Improvement
ST0690,Student_690,Male,Business,Sophomore,2.37,88.2,12,Yes,2,5,1,8,Poor
ST0691,Student_691,Female,Computer Science,Senior,2.65,58.7,58,No,4,10,2,2,Poor
ST0692,Student_692,Female,Business,Freshman,2.85,75.1,110,Yes,6,4,4,10,Average
ST0693,Student_693,Female,Mechanical Engineering,Junior,3.02,69.9,101,Yes,3,10,6,5,Needs Improvement
ST0694,Student_694,Other,Business,Sophomore,2.48,57.3,55,Yes,8,5,8,4,Poor
ST0695,Student_695,Male,Business,Sophomore,2.23,68.4,71,No,3,5,3,8,Average
ST0696,Student_696,Male,Mathematics,Senior,3.22,53.4,79,No,2,6,1,2,Average
ST0697,Student_697,Male,Business,Junior,2.58,51.3,110,Yes,3,10,3,10,Good
ST0698,Student_698,Male,Computer Science,Senior,3.16,56.8,72,No,6,10,3,9,Excellent
ST0699,Student_699,Female,Business,Sophomore,2.31,98.2,54,No,2,6,5,7,Excellent
ST0700,Student_700,Other,Biotechnology,Freshman,2.96,77.5,82,Yes,8,8,4,7,Poor
ST0701,Student_701,Male,Biotechnology,Junior,3.07,98.3,74,Yes,1,8,4,1,Poor
ST0702,Student_702,Other,Mathematics,Freshman,2.1,71.6,51,Yes,7,9,9,2,Poor
ST0703,Student_703,Male,Mathematics,Freshman,2.67,65.6,59,Yes,2,8,7,4,Good
ST0704,Student_704,Male,Biotechnology,Senior,2.27,75.3,44,Yes,10,2,4,4,Average
ST0705,Student_705,Female,Mathematics,Sophomore,2.13,72,33,No,6,10,3,3,Excellent
ST0706,Student_706,Female,Mathematics,Freshman,3.98,55.3,13,Yes,2,1,6,7,Needs Improvement
ST0707,Student_707,Female,Mechanical Engineering,Junior,2.64,82,50,No,2,10,3,8,Excellent
ST0708,Student_708,Other,Mechanical Engineering,Senior,3.62,60.8,86,Yes,10,2,6,2,Average
ST0709,Student_709,Female,Business,Junior,2.51,81,38,No,8,2,9,4,Average
ST0710,Student_710,Female,Biotechnology,Freshman,3.36,82.5,13,Yes,2,3,6,3,Needs Improvement
ST0711,Student_711,Male,Computer Science,Junior,3.52,57.6,113,No,7,10,4,2,Good
ST0712,Student_712,Male,Biotechnology,Senior,3.19,53.1,109,Yes,3,7,5,6,Excellent
ST0713,Student_713,Female,Biotechnology,Senior,2.94,89,45,Yes,8,2,6,4,Poor
ST0714,Student_714,Female,Mechanical Engineering,Sophomore,2.82,73,17,Yes,7,1,3,6,Good
ST0715,Student_715,Other,Mechanical Engineering,Junior,2.7,52.9,113,Yes,8,6,8,2,Poor
ST0716,Student_716,Other,Mathematics,Senior,3.86,99.7,70,No,7,9,4,4,Excellent
ST0717,Student_717,Male,Computer Science,Senior,3.66,52.9,77,Yes,6,3,8,6,Needs Improvement
ST0718,Student_718,Other,Mechanical Engineering,Sophomore,3.93,84.8,55,Yes,7,6,10,5,Good
ST0719,Student_719,Female,Mathematics,Senior,2.25,99.2,108,Yes,5,3,10,3,Excellent
ST0720,Student_720,Female,Computer Science,Freshman,3.46,62,84,Yes,7,1,3,8,Poor
ST0721,Student_721,Male,Mechanical Engineering,Junior,3.88,57.1,39,No,1,5,10,7,Excellent
ST0722,Student_722,Female,Biotechnology,Sophomore,2.36,56.1,30,Yes,1,10,7,3,Average
ST0723,Student_723,Female,Biotechnology,Freshman,2.13,65.2,22,No,9,4,9,6,Average
ST0724,Student_724,Female,Computer Science,Freshman,3.48,55.1,41,Yes,5,7,4,4,Excellent
ST0725,Student_725,Female,Computer Science,Junior,3.15,84.6,94,No,5,6,8,5,Poor
ST0726,Student_726,Other,Mechanical Engineering,Sophomore,3.68,53.1,40,Yes,3,10,3,5,Average
ST0727,Student_727,Other,Mechanical Engineering,Senior,2.28,75.5,44,Yes,5,7,7,7,Excellent
ST0728,Student_728,Other,Computer Science,Sophomore,3.59,99.8,78,No,3,5,3,5,Excellent
ST0729,Student_729,Other,Computer Science,Senior,2.4,90.7,114,No,9,4,7,3,Poor
ST0730,Student_730,Other,Mathematics,Junior,2.33,80.8,111,No,9,7,10,10,Average
ST0731,Student_731,Male,Mathematics,Junior,2.33,65.3,104,Yes,6,7,10,5,Poor
ST0732,Student_732,Female,Mathematics,Freshman,3.63,81.2,17,Yes,1,6,6,7,Poor
ST0733,Student_733,Male,Biotechnology,Freshman,3.33,76.4,107,Yes,7,8,2,5,Poor
ST0734,Student_734,Female,Biotechnology,Freshman,3.05,71.3,38,No,7,4,3,5,Average
ST0735,Student_735,Female,Mathematics,Junior,2.72,56.5,83,Yes,10,10,6,9,Average
ST0736,Student_736,Female,Mathematics,Senior,3.75,94.3,118,Yes,10,5,4,3,Good
ST0737,Student_737,Male,Computer Science,Junior,2.78,72.5,112,No,4,4,6,6,Needs Improvement
ST0738,Student_738,Female,Biotechnology,Junior,3.63,59.7,59,No,8,1,1,1,Excellent
ST0739,Student_739,Female,Mathematics,Freshman,2.88,68.4,55,No,6,8,10,10,Needs Improvement
ST0740,Student_740,Other,Business,Sophomore,2.75,70.7,117,No,4,1,1,5,Poor
ST0741,Student_741,Other,Mechanical Engineering,Freshman,2.93,91.4,118,No,4,5,3,8,Good
ST0742,Student_742,Female,Mathematics,Sophomore,2.6,86.7,32,Yes,2,6,8,5,Good
ST0743,Student_743,Other,Biotechnology,Senior,3.5,88.5,32,No,2,6,8,9,Excellent
ST0744,Student_744,Male,Mathematics,Senior,3.01,50.6,40,No,4,5,4,6,Excellent
ST0745,Student_745,Female,Business,Senior,2.46,70.8,85,No,5,3,6,8,Needs Improvement
ST0746,Student_746,Male,Computer Science,Freshman,3.8,74.1,50,Yes,8,5,8,10,Needs Improvement
ST0747,Student_747,Other,Biotechnology,Freshman,2.77,51,113,Yes,6,8,7,8,Average
ST0748,Student_748,Other,Computer Science,Freshman,3.09,63,104,No,4,2,7,3,Needs Improvement
ST0749,Student_749,Male,Mechanical Engineering,Junior,3.81,88,99,Yes,7,6,4,7,Needs Improvement
ST0750,Student_750,Female,Computer Science,Freshman,3.25,56.9,55,Yes,8,9,9,7,Poor
ST0751,Student_751,Other,Mathematics,Junior,2.23,76.8,85,No,2,8,10,10,Good
ST0752,Student_752,Other,Business,Senior,3.88,60.8,13,No,7,8,6,6,Needs Improvement
ST0753,Student_753,Other,Computer Science,Freshman,3.26,50.6,100,No,2,8,3,7,Average
ST0754,Student_754,Male,Business,Junior,2.67,62.1,99,Yes,2,7,5,2,Needs Improvement
ST0755,Student_755,Male,Biotechnology,Senior,2.28,98.8,55,No,8,8,5,9,Poor
ST0756,Student_756,Other,Biotechnology,Senior,3.59,90.1,82,No,2,6,5,10,Excellent
ST0757,Student_757,Female,Mathematics,Freshman,3.24,98,82,No,9,2,8,10,Poor
ST0758,Student_758,Male,Mathematics,Sophomore,3.07,74.4,28,No,1,2,9,1,Average
ST0759,Student_759,Female,Mathematics,Sophomore,3.79,55.5,82,No,9,8,9,1,Excellent
ST0760,Student_760,Male,Business,Senior,3.58,77.4,34,No,1,1,6,3,Good
ST0761,Student_761,Male,Mechanical Engineering,Sophomore,2.3,72.7,117,No,10,6,6,3,Average
ST0762,Student_762,Female,Mechanical Engineering,Sophomore,2.62,92.2,113,Yes,10,6,9,1,Average
ST0763,Student_763,Female,Mechanical Engineering,Junior,2.5,54.9,73,Yes,2,4,4,7,Needs Improvement
ST0764,Student_764,Female,Biotechnology,Junior,3.49,74.4,79,Yes,6,10,6,4,Average
ST0765,Student_765,Male,Biotechnology,Junior,2.07,57.5,49,No,6,3,4,10,Good
ST0766,Student_766,Female,Mechanical Engineering,Senior,3.14,66.2,32,Yes,1,3,1,2,Good
ST0767,Student_767,Female,Mathematics,Sophomore,3.52,86.9,72,Yes,7,1,7,10,Good
ST0768,Student_768,Female,Computer Science,Freshman,3.75,73.8,14,No,8,3,10,5,Average
ST0769,Student_769,Female,Mechanical Engineering,Sophomore,2.68,68.8,21,Yes,2,4,6,6,Poor
ST0770,Student_770,Female,Computer Science,Senior,3.64,69.7,17,Yes,8,5,9,9,Average
ST0771,Student_771,Female,Mechanical Engineering,Junior,2.22,73,39,Yes,9,3,7,4,Needs Improvement
ST0772,Student_772,Female,Computer Science,Senior,3.69,89.3,87,Yes,6,6,7,2,Good
ST0773,Student_773,Male,Mathematics,Junior,2.25,94.6,38,No,5,5,2,5,Needs Improvement
ST0774,Student_774,Female,Biotechnology,Senior,2.79,97.8,12,Yes,9,3,9,3,Good
ST0775,Student_775,Male,Mechanical Engineering,Freshman,3.59,89.3,77,Yes,9,6,10,2,Needs Improvement
ST0776,Student_776,Other,Mechanical Engineering,Junior,2.3,65.8,71,No,1,6,9,1,Excellent
ST0777,Student_777,Other,Mathematics,Junior,2.46,84.4,10,No,3,8,6,10,Excellent
ST0778,Student_778,Male,Business,Sophomore,3.44,71.9,52,Yes,9,2,3,2,Good
ST0779,Student_779,Female,Mechanical Engineering,Senior,3.44,62.7,88,No,2,1,1,6,Needs Improvement
ST0780,Student_780,Male,Computer Science,Sophomore,3.28,92,35,No,4,4,4,8,Average
ST0781,Student_781,Other,Mathematics,Senior,3.39,51.9,113,Yes,4,7,3,3,Poor
ST0782,Student_782,Male,Business,Freshman,3.09,95.1,26,No,2,10,1,9,Average
ST0783,Student_783,Other,Mechanical Engineering,Sophomore,2.5,73.1,53,Yes,3,3,3,9,Average
ST0784,Student_784,Male,Mechanical Engineering,Junior,2.69,81.9,101,No,3,3,4,2,Poor
ST0785,Student_785,Male,Biotechnology,Freshman,2.36,83,32,Yes,1,5,8,8,Poor
ST0786,Student_786,Male,Business,Senior,3.82,94.8,112,No,6,5,9,10,Needs Improvement
ST0787,Student_787,Male,Mathematics,Junior,3.17,81.8,118,No,8,10,3,5,Poor
ST0788,Student_788,Male,Computer Science,Senior,2.8,80.7,51,Yes,3,3,6,4,Excellent
ST0789,Student_789,Other,Mechanical Engineering,Junior,2.92,53.3,17,Yes,5,9,10,10,Poor
ST0790,Student_790,Male,Mathematics,Senior,3.89,75.9,12,Yes,1,4,5,5,Average
ST0791,Student_791,Male,Biotechnology,Junior,2.31,57.5,28,Yes,10,3,6,4,Good
ST0792,Student_792,Male,Mechanical Engineering,Senior,3.17,86.9,85,No,7,2,4,8,Excellent
ST0793,Student_793,Female,Business,Sophomore,3.01,75.6,100,Yes,10,10,10,4,Poor
ST0794,Student_794,Other,Mathematics,Junior,3.22,84,28,Yes,1,9,6,10,Poor
ST0795,Student_795,Male,Computer Science,Junior,2.04,52.1,109,Yes,9,4,7,6,Good
ST0796,Student_796,Other,Biotechnology,Sophomore,3.74,54.2,24,No,8,3,9,2,Needs Improvement
ST0797,Student_797,Male,Mathematics,Senior,3.86,85.8,118,No,7,7,10,5,Average
ST0798,Student_798,Female,Mechanical Engineering,Junior,3.13,53.6,77,Yes,10,8,7,6,Good
ST0799,Student_799,Other,Computer Science,Sophomore,3.39,53.6,120,Yes,7,2,6,5,Needs Improvement
ST0800,Student_800,Female,Mechanical Engineering,Senior,3.84,50.6,56,No,5,7,1,2,Average
ST0801,Student_801,Female,Mechanical Engineering,Junior,3.41,97.8,19,Yes,5,5,2,7,Poor
ST0802,Student_802,Male,Business,Junior,2.31,86.9,57,Yes,5,5,1,4,Needs Improvement
ST0803,Student_803,Other,Business,Senior,3.15,67.7,100,No,1,3,9,8,Good
ST0804,Student_804,Other,Mechanical Engineering,Sophomore,3.21,64.8,94,No,8,5,10,7,Excellent
ST0805,Student_805,Other,Biotechnology,Junior,2.85,67.5,60,Yes,1,2,10,7,Good
ST0806,Student_806,Other,Business,Senior,3.47,88.7,85,Yes,4,4,9,9,Good
ST0807,Student_807,Male,Business,Junior,3.87,83.1,22,Yes,9,6,7,1,Excellent
ST0808,Student_808,Male,Business,Senior,3.85,59.3,53,No,9,1,2,10,Needs Improvement
ST0809,Student_809,Female,Business,Junior,2.9,58.7,48,No,5,10,6,6,Needs Improvement
ST0810,Student_810,Male,Computer Science,Freshman,2.23,54.9,51,No,4,4,4,6,Good
ST0811,Student_811,Other,Mechanical Engineering,Sophomore,3.97,83,27,No,3,6,1,6,Good
ST0812,Student_812,Male,Computer Science,Sophomore,3.68,88.2,30,Yes,3,9,1,6,Needs Improvement
ST0813,Student_813,Female,Mathematics,Freshman,2.25,63.3,103,Yes,5,2,5,10,Excellent
ST0814,Student_814,Other,Mathematics,Senior,3.84,51,65,No,10,7,2,7,Average
ST0815,Student_815,Other,Mathematics,Sophomore,3.74,54.1,111,Yes,1,6,4,10,Excellent
ST0816,Student_816,Female,Computer Science,Senior,3.04,98.4,91,No,5,2,1,6,Poor
ST0817,Student_817,Female,Mechanical Engineering,Junior,3.18,64.8,72,No,6,8,4,1,Good
ST0818,Student_818,Other,Mathematics,Freshman,2.8,88.5,93,Yes,7,7,6,3,Needs Improvement
ST0819,Student_819,Male,Business,Senior,2.11,81.2,50,No,9,5,10,2,Excellent
ST0820,Student_820,Male,Mathematics,Senior,2.67,69.1,32,No,3,5,4,6,Poor
ST0821,Student_821,Other,Biotechnology,Sophomore,3.61,60.3,100,No,2,7,1,8,Poor
ST0822,Student_822,Other,Business,Junior,2.01,56.1,81,Yes,3,9,7,3,Good
ST0823,Student_823,Other,Business,Sophomore,2.67,80.8,98,No,9,9,2,10,Average
ST0824,Student_824,Male,Business,Junior,2.8,88.7,88,No,7,9,9,8,Average
ST0825,Student_825,Male,Mathematics,Sophomore,3.07,82.2,110,Yes,9,6,3,8,Poor
ST0826,Student_826,Other,Business,Senior,3.84,76.5,55,No,2,10,8,5,Excellent
ST0827,Student_827,Female,Biotechnology,Senior,2.69,52.1,38,No,5,6,8,8,Poor
ST0828,Student_828,Other,Computer Science,Freshman,2.69,98.4,95,No,4,3,3,6,Good
ST0829,Student_829,Other,Biotechnology,Senior,3.48,89.9,85,No,2,1,4,5,Good
ST0830,Student_830,Male,Mechanical Engineering,Senior,2.9,64.6,114,No,9,7,2,9,Average
ST0831,Student_831,Other,Business,Senior,2.45,99,32,Yes,9,4,4,7,Poor
ST0832,Student_832,Male,Biotechnology,Senior,2.9,80.1,58,Yes,6,1,9,8,Needs Improvement
ST0833,Student_833,Female,Mathematics,Freshman,2.28,79.1,49,No,6,8,2,1,Needs Improvement
ST0834,Student_834,Other,Mechanical Engineering,Junior,2.35,87.4,103,Yes,8,6,3,2,Excellent
ST0835,Student_835,Female,Biotechnology,Freshman,3,90.6,98,Yes,6,6,4,8,Excellent
ST0836,Student_836,Other,Business,Freshman,2.84,82.8,47,Yes,1,2,5,9,Average
ST0837,Student_837,Female,Mathematics,Sophomore,3.83,56.4,26,No,4,1,1,4,Good
ST0838,Student_838,Male,Business,Junior,2.72,66.9,32,Yes,7,2,7,10,Needs Improvement
ST0839,Student_839,Other,Mechanical Engineering,Sophomore,3.16,96.4,103,Yes,2,4,10,10,Needs Improvement
ST0840,Student_840,Other,Biotechnology,Freshman,3.26,61.2,10,Yes,9,2,7,9,Needs Improvement
ST0841,Student_841,Female,Business,Senior,2.03,68.6,99,Yes,8,1,9,4,Needs Improvement
ST0842,Student_842,Male,Mechanical Engineering,Junior,3.33,71.6,83,No,8,7,4,10,Average
ST0843,Student_843,Female,Mathematics,Senior,2.36,72,60,Yes,7,8,6,10,Poor
ST0844,Student_844,Female,Biotechnology,Freshman,3.92,80.6,118,Yes,4,6,2,10,Needs Improvement
ST0845,Student_845,Male,Biotechnology,Freshman,2.3,97.2,108,No,2,4,4,9,Good
ST0846,Student_846,Female,Mechanical Engineering,Freshman,2.83,62,82,No,3,6,2,7,Needs Improvement
ST0847,Student_847,Female,Biotechnology,Junior,2.17,56.1,14,Yes,6,3,10,2,Excellent
ST0848,Student_848,Other,Mathematics,Sophomore,3.99,59.9,33,No,5,8,5,9,Good
ST0849,Student_849,Female,Mathematics,Sophomore,3,94.3,87,No,8,10,7,4,Poor
ST0850,Student_850,Other,Biotechnology,Senior,3.19,82.3,50,No,6,2,1,8,Needs Improvement
ST0851,Student_851,Male,Business,Junior,2.13,64.3,113,Yes,6,5,10,7,Average
ST0852,Student_852,Female,Business,Senior,3.5,90.8,88,Yes,1,1,10,7,Average
ST0853,Student_853,Male,Mathematics,Senior,2.42,93.1,38,No,4,6,7,8,Needs Improvement
ST0854,Student_854,Other,Business,Sophomore,3.8,92.3,91,Yes,5,2,10,1,Excellent
ST0855,Student_855,Other,Mechanical Engineering,Junior,2.41,95.9,82,Yes,3,4,6,5,Average
ST0856,Student_856,Other,Computer Science,Freshman,2.38,62.6,23,Yes,9,6,6,2,Good
ST0857,Student_857,Female,Biotechnology,Senior,2.07,87.8,73,Yes,1,10,8,2,Excellent
ST0858,Student_858,Other,Mechanical Engineering,Freshman,2.94,73,28,Yes,6,8,8,1,Poor
ST0859,Student_859,Other,Mathematics,Junior,3.13,92.1,52,Yes,6,8,6,5,Poor
ST0860,Student_860,Female,Computer Science,Senior,2.13,86.4,105,Yes,10,6,3,2,Average
ST0861,Student_861,Female,Mathematics,Freshman,3.55,88.8,19,Yes,5,4,5,4,Excellent
ST0862,Student_862,Female,Computer Science,Freshman,2.91,82.8,40,Yes,5,8,2,3,Average
ST0863,Student_863,Other,Mechanical Engineering,Sophomore,3.05,58.9,54,Yes,10,8,5,3,Poor
ST0864,Student_864,Other,Computer Science,Junior,2.88,77.3,50,No,5,10,9,2,Average
ST0865,Student_865,Female,Business,Junior,2.8,99.2,31,Yes,6,1,10,6,Excellent
ST0866,Student_866,Female,Mechanical Engineering,Junior,3.12,96.9,91,No,8,4,1,2,Needs Improvement
ST0867,Student_867,Male,Biotechnology,Senior,2.31,52.2,21,Yes,2,4,10,8,Poor
ST0868,Student_868,Male,Mathematics,Sophomore,2.36,58.2,115,No,6,7,5,8,Needs Improvement
ST0869,Student_869,Female,Business,Senior,3.72,56.6,100,Yes,1,7,6,5,Excellent
ST0870,Student_870,Female,Biotechnology,Junior,3.89,86.3,95,Yes,4,8,7,10,Poor
ST0871,Student_871,Male,Computer Science,Senior,2.75,90.9,91,No,10,5,9,7,Average
ST0872,Student_872,Female,Business,Freshman,2.54,60.7,103,No,3,7,6,4,Average
ST0873,Student_873,Other,Biotechnology,Senior,3.29,75.3,52,No,9,8,5,1,Average
ST0874,Student_874,Other,Mechanical Engineering,Senior,2.82,92,67,Yes,3,9,7,2,Poor
ST0875,Student_875,Other,Computer Science,Junior,2.05,86.6,11,Yes,6,3,1,10,Poor
ST0876,Student_876,Female,Biotechnology,Freshman,2.31,77.1,43,No,1,3,5,10,Average
ST0877,Student_877,Female,Computer Science,Junior,3.43,79.5,36,Yes,6,4,2,4,Average
ST0878,Student_878,Male,Biotechnology,Freshman,3.32,75.4,41,Yes,4,5,4,1,Needs Improvement
ST0879,Student_879,Female,Mathematics,Freshman,2.05,64.9,98,No,8,10,7,8,Poor
ST0880,Student_880,Female,Mechanical Engineering,Freshman,2.44,78.3,18,Yes,9,1,5,9,Average
ST0881,Student_881,Male,Business,Junior,2.46,84.4,54,No,4,7,6,4,Excellent
ST0882,Student_882,Female,Biotechnology,Freshman,3.34,93.7,42,No,10,9,2,10,Average
ST0883,Student_883,Male,Computer Science,Sophomore,2.04,81.8,110,Yes,10,8,3,3,Poor
ST0884,Student_884,Female,Mechanical Engineering,Sophomore,2.21,88.1,23,Yes,6,5,7,2,Average
ST0885,Student_885,Female,Business,Sophomore,3.6,58,102,No,1,4,2,5,Needs Improvement
ST0886,Student_886,Female,Computer Science,Sophomore,2.36,73.1,10,No,4,7,6,3,Good
ST0887,Student_887,Female,Mechanical Engineering,Junior,3.31,50.5,16,Yes,7,5,5,10,Poor
ST0888,Student_888,Other,Computer Science,Senior,2.48,62.3,59,Yes,1,7,10,7,Poor
ST0889,Student_889,Other,Mechanical Engineering,Senior,2.2,86.3,66,Yes,8,1,1,6,Good
ST0890,Student_890,Female,Business,Sophomore,2.49,99.6,103,Yes,10,1,10,1,Average
ST0891,Student_891,Other,Business,Senior,3.44,55,63,No,6,10,4,8,Needs Improvement
ST0892,Student_892,Male,Computer Science,Sophomore,3.71,70.1,31,Yes,5,3,2,2,Average
ST0893,Student_893,Other,Mechanical Engineering,Sophomore,3.66,90,62,Yes,10,2,4,5,Good
ST0894,Student_894,Male,Biotechnology,Senior,2.79,60.2,73,Yes,9,2,1,9,Needs Improvement
ST0895,Student_895,Male,Business,Senior,3.34,77.8,58,No,2,7,2,8,Excellent
ST0896,Student_896,Male,Biotechnology,Freshman,2.41,86.7,54,Yes,5,10,8,2,Excellent
ST0897,Student_897,Other,Biotechnology,Sophomore,2.59,80.8,79,Yes,6,2,6,9,Needs Improvement
ST0898,Student_898,Female,Mathematics,Senior,3.79,59.4,58,Yes,7,4,2,5,Excellent
ST0899,Student_899,Female,Computer Science,Senior,2.03,67.8,22,No,5,2,6,10,Needs Improvement
ST0900,Student_900,Other,Computer Science,Senior,2.17,89.2,116,Yes,9,6,10,6,Average
ST0901,Student_901,Male,Computer Science,Freshman,2.42,77.7,71,Yes,1,8,9,3,Average
ST0902,Student_902,Other,Mechanical Engineering,Sophomore,2.05,50.3,110,No,7,10,7,3,Good
ST0903,Student_903,Female,Business,Sophomore,2.36,88,120,No,10,4,9,10,Average
ST0904,Student_904,Other,Business,Junior,3.17,51.8,83,No,7,5,5,8,Average
ST0905,Student_905,Other,Mathematics,Freshman,2.84,87.3,93,Yes,4,4,7,10,Good
ST0906,Student_906,Female,Mathematics,Freshman,3.79,60.1,107,No,9,3,7,10,Poor
ST0907,Student_907,Female,Mathematics,Sophomore,3.63,97.9,97,Yes,5,5,3,2,Poor
ST0908,Student_908,Male,Biotechnology,Junior,2.68,68.4,38,No,4,9,7,2,Needs Improvement
ST0909,Student_909,Male,Computer Science,Junior,2.52,66.3,30,No,7,8,1,5,Poor
ST0910,Student_910,Female,Mechanical Engineering,Sophomore,2.76,57.4,67,No,4,8,9,6,Poor
ST0911,Student_911,Male,Business,Senior,3.18,65.3,19,Yes,3,8,10,2,Poor
ST0912,Student_912,Female,Mechanical Engineering,Freshman,2.54,93.8,112,No,9,8,6,5,Average
ST0913,Student_913,Other,Computer Science,Junior,3.25,99.8,118,Yes,8,7,5,7,Poor
ST0914,Student_914,Male,Computer Science,Senior,2.82,68.4,14,No,1,8,7,10,Average
ST0915,Student_915,Female,Business,Junior,3.1,72.4,47,No,7,8,5,10,Average
ST0916,Student_916,Other,Biotechnology,Senior,2.87,86.1,12,Yes,9,8,10,8,Good
ST0917,Student_917,Other,Mathematics,Senior,2.59,94.3,50,Yes,8,10,5,7,Needs Improvement
ST0918,Student_918,Female,Biotechnology,Freshman,3.9,79.7,43,No,8,7,10,8,Good
ST0919,Student_919,Female,Computer Science,Junior,3.53,69.6,23,No,6,1,7,9,Excellent
ST0920,Student_920,Other,Computer Science,Junior,2.28,70.6,19,No,4,4,10,5,Average
ST0921,Student_921,Other,Biotechnology,Senior,3.74,84.8,53,Yes,8,4,7,5,Poor
ST0922,Student_922,Female,Mathematics,Sophomore,2.97,50.2,31,Yes,3,5,3,10,Poor
ST0923,Student_923,Female,Mathematics,Junior,3.79,81,58,Yes,9,10,3,4,Excellent
ST0924,Student_924,Other,Computer Science,Freshman,3.6,67.8,30,Yes,2,6,10,9,Needs Improvement
ST0925,Student_925,Other,Mathematics,Sophomore,2.85,89.7,103,Yes,2,4,3,5,Average
ST0926,Student_926,Female,Mathematics,Junior,2.04,54.6,19,No,7,2,6,2,Excellent
ST0927,Student_927,Female,Business,Freshman,2.54,79.4,80,Yes,10,6,6,10,Excellent
ST0928,Student_928,Other,Business,Sophomore,3.08,74,21,No,4,8,3,8,Excellent
ST0929,Student_929,Female,Mechanical Engineering,Junior,3.27,82.1,53,No,10,8,3,7,Average
ST0930,Student_930,Female,Biotechnology,Freshman,2.52,53.2,86,No,8,7,8,8,Average
ST0931,Student_931,Female,Computer Science,Sophomore,2.28,79,88,Yes,9,6,8,3,Average
ST0932,Student_932,Female,Mathematics,Junior,3.67,78.1,71,Yes,7,2,7,4,Average
ST0933,Student_933,Male,Mechanical Engineering,Sophomore,3.97,78,100,No,5,7,10,5,Good
ST0934,Student_934,Male,Business,Senior,3.05,80.2,13,No,8,5,4,6,Excellent
ST0935,Student_935,Other,Mathematics,Senior,2.34,83.8,65,No,4,6,4,1,Good
ST0936,Student_936,Male,Biotechnology,Sophomore,2.54,90.2,93,No,2,10,3,4,Needs Improvement
ST0937,Student_937,Female,Business,Senior,2.04,63.5,31,No,6,8,5,10,Excellent
ST0938,Student_938,Male,Computer Science,Senior,3.83,91.3,87,No,9,8,3,5,Average
ST0939,Student_939,Other,Mathematics,Sophomore,2.24,74.9,65,No,1,3,8,7,Average
ST0940,Student_940,Other,Mechanical Engineering,Senior,3.15,53.9,30,Yes,10,7,7,5,Average
ST0941,Student_941,Other,Computer Science,Sophomore,2.55,52.9,16,No,7,1,3,1,Good
ST0942,Student_942,Male,Mathematics,Sophomore,3.11,66.7,22,No,10,1,9,7,Average
ST0943,Student_943,Male,Mathematics,Senior,3.3,89.2,52,Yes,9,7,5,8,Excellent
ST0944,Student_944,Male,Mathematics,Junior,3.66,85.4,36,No,10,10,9,7,Poor
ST0945,Student_945,Other,Mathematics,Sophomore,2.41,89.4,34,No,9,9,7,4,Excellent
ST0946,Student_946,Female,Mathematics,Sophomore,2.02,75.9,62,No,10,7,7,8,Needs Improvement
ST0947,Student_947,Female,Computer Science,Junior,2.27,72,99,No,3,10,6,5,Excellent
ST0948,Student_948,Other,Biotechnology,Senior,3.8,57.4,80,No,5,5,2,10,Average
ST0949,Student_949,Other,Biotechnology,Freshman,3.75,66.4,102,No,8,8,9,9,Excellent
ST0950,Student_950,Other,Computer Science,Junior,3.19,71.7,103,Yes,8,2,6,10,Excellent
ST0951,Student_951,Other,Biotechnology,Freshman,3.2,54.4,79,Yes,4,9,8,5,Good
ST0952,Student_952,Female,Mechanical Engineering,Senior,3.33,61,43,Yes,1,6,1,1,Poor
ST0953,Student_953,Male,Mechanical Engineering,Sophomore,2.35,79.9,94,No,1,9,5,9,Excellent
ST0954,Student_954,Male,Computer Science,Sophomore,3.83,86.8,46,Yes,4,2,1,5,Needs Improvement
ST0955,Student_955,Female,Mechanical Engineering,Senior,2.84,99.9,48,Yes,6,3,10,6,Excellent
ST0956,Student_956,Male,Computer Science,Senior,2.77,96.7,40,Yes,8,8,8,4,Poor
ST0957,Student_957,Female,Mechanical Engineering,Senior,3.04,82.1,22,No,6,1,8,6,Poor
ST0958,Student_958,Male,Business,Senior,2.09,71.1,16,No,9,10,1,8,Poor
ST0959,Student_959,Female,Computer Science,Senior,2.33,81.8,60,Yes,9,7,9,3,Poor
ST0960,Student_960,Male,Mathematics,Senior,3.48,89.3,83,Yes,2,7,2,5,Poor
ST0961,Student_961,Other,Mechanical Engineering,Senior,2.17,55.9,80,No,10,1,9,2,Good
ST0962,Student_962,Other,Business,Sophomore,3.21,70.5,117,Yes,1,9,1,2,Poor
ST0963,Student_963,Male,Computer Science,Freshman,2.49,92,72,Yes,2,8,10,7,Good
ST0964,Student_964,Female,Mechanical Engineering,Freshman,2.78,69.2,29,Yes,5,4,9,10,Excellent
ST0965,Student_965,Male,Mathematics,Sophomore,2.58,78.6,16,No,4,10,4,10,Excellent
ST0966,Student_966,Male,Mechanical Engineering,Junior,2.71,79.4,56,No,4,5,9,10,Good
ST0967,Student_967,Other,Business,Freshman,3.44,59.2,10,Yes,9,2,7,6,Average
ST0968,Student_968,Female,Biotechnology,Junior,2.59,68.1,64,Yes,8,9,6,4,Poor
ST0969,Student_969,Other,Biotechnology,Sophomore,3.13,66.7,21,No,6,6,5,5,Poor
ST0970,Student_970,Male,Business,Junior,2.95,51.3,47,Yes,1,3,9,1,Excellent
ST0971,Student_971,Other,Business,Sophomore,3.33,51.2,115,No,2,7,2,7,Good
ST0972,Student_972,Female,Computer Science,Senior,3.87,91.6,94,Yes,6,9,2,8,Poor
ST0973,Student_973,Male,Biotechnology,Senior,3.47,63.7,90,Yes,2,3,9,9,Excellent
ST0974,Student_974,Male,Computer Science,Freshman,2.43,75.9,86,No,10,2,3,8,Poor
ST0975,Student_975,Other,Mechanical Engineering,Freshman,2.06,64.9,71,No,5,7,8,5,Good
ST0976,Student_976,Female,Business,Junior,2.52,97,35,No,5,7,9,3,Average
ST0977,Student_977,Female,Computer Science,Junior,3.19,63,22,Yes,6,4,8,10,Needs Improvement
ST0978,Student_978,Female,Business,Freshman,2.1,71.5,13,Yes,6,9,4,9,Excellent
ST0979,Student_979,Female,Computer Science,Senior,2.99,93.6,36,No,6,8,1,6,Excellent
ST0980,Student_980,Female,Mechanical Engineering,Sophomore,3.19,92.1,31,No,2,1,4,5,Needs Improvement
ST0981,Student_981,Male,Mechanical Engineering,Senior,2.67,59.3,91,Yes,10,1,9,3,Needs Improvement
ST0982,Student_982,Male,Mathematics,Freshman,3.54,90.1,47,Yes,3,5,2,6,Excellent
ST0983,Student_983,Female,Biotechnology,Sophomore,2.21,72.9,20,No,6,6,3,3,Average
ST0984,Student_984,Female,Mathematics,Junior,2.15,74.1,70,Yes,8,3,10,10,Excellent
ST0985,Student_985,Male,Biotechnology,Freshman,3.46,56.7,118,Yes,1,9,8,6,Needs Improvement
ST0986,Student_986,Male,Mechanical Engineering,Senior,2.99,54,24,Yes,1,10,6,4,Poor
ST0987,Student_987,Female,Computer Science,Junior,3.38,86.4,49,Yes,2,6,8,2,Good
ST0988,Student_988,Female,Business,Junior,2.87,74.8,110,Yes,6,4,7,8,Poor
ST0989,Student_989,Male,Mechanical Engineering,Freshman,2.49,71.8,60,No,9,7,5,4,Average
ST0990,Student_990,Other,Mechanical Engineering,Senior,3.64,86.5,70,Yes,4,8,9,9,Excellent
ST0991,Student_991,Other,Computer Science,Freshman,3.6,88.3,72,Yes,3,9,4,7,Excellent
ST0992,Student_992,Other,Mechanical Engineering,Sophomore,3.39,57.9,94,Yes,8,6,6,2,Good
ST0993,Student_993,Male,Mechanical Engineering,Sophomore,2.54,80.5,43,Yes,10,6,2,4,Poor
ST0994,Student_994,Male,Computer Science,Junior,3.18,56.8,21,No,9,8,2,5,Good
ST0995,Student_995,Male,Mechanical Engineering,Senior,2.72,87.6,92,No,5,5,2,3,Average
ST0996,Student_996,Other,Biotechnology,Sophomore,2.18,82.8,79,No,9,3,10,9,Poor
ST0997,Student_997,Female,Biotechnology,Sophomore,3.83,97.8,59,No,2,3,7,5,Poor
ST0998,Student_998,Male,Biotechnology,Sophomore,2.27,53.4,33,No,3,6,2,2,Average
ST0999,Student_999,Male,Biotechnology,Sophomore,3.9,52.9,57,Yes,7,2,2,3,Excellent
ST1000,Student_1000,Male,Mechanical Engineering,Freshman,2.89,64.1,58,Yes,7,6,9,9,Excellent
